rate,sttl,dload,ackdat,dmean,ct_srv_src,ct_dst_sport_ltm,ct_dst_src_ltm,ct_src_ltm,ct_srv_dst,attack_cat
100000.0025,254,0,0,0,14,6,6,6,14,2
111111.1072,254,0,0,0,5,1,4,2,4,4
37.120093199702225,254,5273.247619520656,0.05553680302511865,44,8,1,7,2,8,2
2042.1751684051578,31,5811773.239225941,0.00015101476505793512,720,4,1,1,5,14,4
125000.0003,254,0,0,0,7,3,7,6,7,5
111111.1072,254,0,0,0,18,18,18,20,18,3
29.587738187015145,55,12764.808988507619,0.04966238689392766,136,1,1,2,1,1,4
333333.3215,254,0,0,0,3,2,3,11,3,5
111111.1072,254,0,0,0,7,2,7,3,7,1
14.861284,254,2167.999023,0.047917,44,2,1,1,1,1,5
58.03764818679581,254,5446.048486127556,0.0761785763053202,59,2,1,2,1,2,4
90909.0902,254,0,0,0,20,6,6,6,18,0
100000.0025,254,0,0,0,11,2,2,2,11,0
125000.0003,254,0,0,0,3,1,1,1,3,2
250000.0006,254,0,0,0,12,3,7,8,12,3
14.504205,254,4177.210938,0.102791,84,1,1,1,2,1,2
21.809554,254,2605.514648,0.119524,45,2,1,1,2,1,5
44.798317,254,5351.905762,0.052711,45,1,1,1,1,1,5
11.143355,254,3040.376465,0.114058,93,3,1,1,2,1,2
90909.0902,254,0,0,0,14,4,7,9,14,3
48.14536651563758,62,195726.66807654672,0.04466523177037289,928,1,1,1,1,1,0
4574.921024662844,31,16667625.575002024,0.00012968496153065493,905,8,1,1,5,4,4
500000.0013,254,0,0,0,5,3,3,3,5,3
25.688915,254,3747.559326,0.053602,44,2,1,2,2,2,4
250000.0006,254,0,0,0,4,2,4,3,4,2
125000.0003,254,0,0,0,11,3,5,7,11,1
21.57389869384541,254,2606.5579114290363,0.07750569571729764,44,4,1,1,1,4,2
125000.0003,254,0,0,0,9,2,2,2,9,2
333333.3215,254,0,0,0,9,3,9,12,9,0
26.01503632078537,254,3502.805464957822,0.06645308515213624,44,3,1,3,2,3,4
19.711482718028112,62,16461.208444245567,0.12153931833114628,225,1,1,1,2,1,1
7.016994,254,1023.655579,0.239846,44,2,1,1,2,1,4
17.859440203636183,254,2610.32669991113,0.07397938859101336,52,2,1,1,1,1,4
16.971872666423206,181,7241.587475315924,0.11764207870727433,120,1,1,1,1,1,0
21.014992,62,4865.132324,0.061663,75,1,1,1,1,1,1
333333.3215,254,0,0,0,5,2,5,2,5,1
47.14001796564054,202,26010.460597553163,0.05077100257400874,168,1,1,1,1,1,1
41.55341315512327,254,4964.247866469489,0.06559178156695208,45,1,1,1,1,1,0
125000.0003,254,0,0,0,9,5,9,15,9,0
1.3040523508196256,254,0,0,0,6,4,6,9,6,2
59.08382459324437,62,7355.487456160613,0.052473267210175256,69,1,1,3,1,1,1
25.182983,254,3673.75293,0.047721,44,14,1,1,3,2,5
250000.0006,254,0,0,0,6,1,1,3,1,5
33.250208,254,4850.618652,0.063379,44,1,1,1,2,1,1
90909.0902,254,0,0,0,6,3,3,3,6,3
500000.0013,254,0,0,0,7,2,6,6,6,3
22.473819362216886,254,5821.573320344811,0.06797011059445407,89,1,1,1,1,1,2
125000.0003,254,0,0,0,5,3,5,3,5,0
111111.1072,254,0,0,0,7,3,7,3,7,0
20.072557841089438,254,2896.0637636560045,0.04995004751754764,44,1,1,1,1,2,1
125000.0003,254,0,0,0,23,8,8,8,18,2
23.051628,62,7449.428223,0.037865,91,1,1,1,2,1,1
1697.530788,31,639094.625,0.000121,91,8,1,6,8,15,4
90909.0902,254,0,0,0,13,3,3,3,13,3
19.745533881024183,254,5347.48630600894,0.06845476470318176,78,1,1,1,4,1,0
125000.0003,254,0,0,0,6,1,6,1,6,1
0,0,0,0,0,1,1,1,1,1,4
20.088705,254,2216.615479,0.040288,43,4,2,2,2,2,0
21.344893127985724,62,21464.114032851758,0.0800082244024769,283,1,1,1,2,1,1
333333.3215,254,0,0,0,4,1,1,1,1,2
16.623483405417765,254,2425.072896068357,0.11445144114851667,44,4,1,1,1,3,2
22.492498,254,2687.10376,0.080913,45,2,1,1,3,1,5
69.025183,254,8246.208008,0.01438,45,1,1,1,1,1,5
111111.1072,254,0,0,0,4,1,4,1,4,0
83.542657,254,9980.5625,0.032381,45,1,1,1,1,1,5
250000.0006,254,0,0,0,6,5,6,7,6,3
58.84611912445432,254,6099.553917000055,0.07401273421417899,71,1,1,1,1,1,0
57.463336,254,6864.953125,0.026699,45,2,1,1,1,1,1
28.042109,254,0,0,0,1,1,1,1,1,5
13.814425209769492,254,2012.4706261206452,0.10543774823975341,44,8,1,4,1,4,4
90909.0902,254,0,0,0,12,6,6,6,12,2
90909.0902,254,0,0,0,8,1,2,2,7,2
200000.0051,254,0,0,0,38,17,38,35,38,3
111111.1072,254,0,0,0,20,20,20,20,20,3
250000.0006,254,0,0,0,29,1,10,10,29,2
22.717194289630626,254,3260.4560975895147,0.04969711695124816,44,5,1,1,2,5,2
10.132862,254,4020.719727,0,248,1,1,1,2,1,5
90909.0902,254,0,0,0,1,1,1,2,1,5
125000.0003,254,0,0,0,7,3,7,6,7,0
333333.3215,254,0,0,0,2,1,1,1,1,5
78874.54416253175,254,0,0,0,4,2,2,2,4,0
166666.6608,254,0,0,0,35,18,35,34,35,3
125000.0003,254,0,0,0,4,1,4,1,4,1
125000.0003,254,0,0,0,5,2,5,2,5,1
29.9831407081682,62,67749.95727017123,0.041896679860304535,604,3,2,2,2,2,1
125000.0003,254,0,0,0,4,3,4,18,4,0
1.2318924441236931,254,0,0,0,1,1,1,2,1,1
0.941424,254,0,0,0,1,1,2,3,1,5
111111.1072,254,0,0,0,43,25,43,44,43,3
0.35786170335853984,254,0,0,0,11,2,2,3,11,2
142857.1409,254,0,0,0,14,3,3,3,11,2
17.042657,254,2486.2229,0.064383,44,17,1,1,5,1,5
70.32734078527015,62,553412.2235030831,0.06420261396317291,1224,1,1,1,1,1,1
39.15164271520526,254,4590.176083119091,0.03554900890165619,44,8,1,2,2,7,2
35.80065163681412,254,4352.780815366505,0.039160045224951937,45,5,1,6,1,5,4
250000.0006,254,0,0,0,11,3,3,7,11,0
39.23483350038953,62,200745.21092705024,0.05203935412968028,922,1,1,1,1,2,1
2251.6539830242446,31,875780.9434948724,0.00013364059633430843,408,4,1,3,6,4,4
27.842410588150315,254,3502.133514863923,0.08442105841574038,44,5,1,2,2,4,2
250000.0006,254,0,0,0,7,4,4,4,7,3
125000.0003,254,0,0,0,36,18,36,18,36,3
111111.1072,254,0,0,0,6,3,6,11,6,0
16.524628985239822,254,4192.263408513677,0.09515831090048217,75,1,1,1,1,1,2
71.57001732261318,62,6919.350173868192,0.04334877068547374,61,1,1,1,2,1,1
33.60167268922342,160,44308.51887284366,0.07608740580235765,431,1,1,1,1,1,0
250000.0006,254,0,0,0,16,4,7,7,16,3
111111.1072,254,0,0,0,28,18,29,18,28,3
24.452444,254,3567.180176,0.052869,44,1,1,1,1,1,5
90909.0902,254,0,0,0,27,1,27,7,27,4
39.371043914606034,254,4854.181923854745,0.07125433967724082,44,1,1,1,2,1,1
250000.0006,254,0,0,0,2,1,1,3,7,5
392.686744,31,111472.3672,0.000126,80,2,1,1,5,1,4
250000.0006,254,0,0,0,10,3,3,7,10,0
142857.1409,254,0,0,0,10,3,3,3,10,3
90909.0902,254,0,0,0,1,1,1,2,1,5
250000.0006,254,0,0,0,12,1,1,3,6,2
125000.0003,254,0,0,0,20,19,21,20,20,3
111111.1072,254,0,0,0,4,1,4,2,4,0
92.18397959158123,31,37699.22482425324,0.0001456977181332873,116,4,1,1,3,10,4
166666.6608,254,0,0,0,16,12,16,16,16,3
57.822234,254,236694.9844,0.106059,1035,1,1,1,1,1,2
125000.0003,254,0,0,0,4,1,4,1,4,0
90909.0902,254,0,0,0,21,3,4,6,16,2
333333.3215,254,0,0,0,5,1,3,2,3,4
34.158282,254,6792.618164,0.058249,58,2,1,2,1,2,1
34.97122358347911,62,5142.009511162236,0.09340476695275357,72,1,1,1,1,1,1
194306.43592948228,254,0,0,0,5,1,5,2,5,4
4418.5166800939605,31,4536865.019512003,0.00013643100117937442,327,5,1,1,1,7,4
19.042929263783584,254,2778.027342748753,0.06376498515069251,44,4,2,3,2,3,4
333333.3215,254,0,0,0,5,3,6,21,5,0
111111.1072,254,0,0,0,28,25,28,25,28,3
27.925785,254,3336.200439,0.159053,45,6,1,3,5,3,4
125000.0003,254,0,0,0,5,2,5,11,5,0
0,0,0,0,0,1,1,1,1,1,4
125000.0003,254,0,0,0,6,2,6,2,6,2
46.336782192855495,254,8055.874192406775,0.0477708938395232,56,1,1,1,1,1,1
32.342571626508025,254,3557.5907666820494,0.04091585687937346,44,3,1,1,1,4,2
166666.6608,254,0,0,0,18,18,21,19,18,3
79.483672,254,9495.649414,0.020903,45,1,1,1,1,1,5
125000.0003,254,0,0,0,6,2,6,2,6,1
167.38797503625221,229,1346268.2445275888,0.043483093003965065,1246,2,1,1,1,2,1
100000.0025,254,0,0,0,42,24,42,42,42,3
90909.0902,254,0,0,0,1,1,1,1,1,5
62500.00016,254,0,0,0,1,1,1,1,1,5
20.472604,254,2986.591553,0.032357,44,1,1,1,1,1,5
250000.0006,254,0,0,0,7,3,3,4,7,3
27.891773,254,3332.137207,0.07509,45,2,1,1,1,1,5
76.496656,254,9138.800781,0.045658,45,1,1,1,1,1,5
65.061244,254,7772.649902,0.048535,45,1,1,1,1,1,1
26.887975107731656,254,3212.2166685458733,0.08862847695907936,45,3,1,2,1,3,4
25.565696008833882,254,5325.92053877855,0.05232961716840441,66,1,1,1,3,1,0
0,0,0,0,0,1,1,1,1,1,4
200000.0051,254,0,0,0,5,1,5,6,5,0
19.749391,254,2881.087646,0.064307,44,1,1,1,1,10,5
111111.1072,254,0,0,0,7,2,7,11,7,2
125000.0003,254,0,0,0,6,1,6,1,6,1
1.572223,254,0,0,0,1,1,1,1,1,2
100000.0025,254,0,0,0,9,4,4,4,9,3
41.284722376620046,254,4539.591954795623,0.04041574494104572,45,2,1,1,1,1,1
333333.3215,254,0,0,0,23,18,23,18,23,3
250000.0006,254,0,0,0,11,4,4,4,11,3
22.36306,254,2671.640137,0.089896,45,4,1,4,1,4,2
75.28698608638145,254,4822.444588229938,0.06251363789852153,44,3,1,1,1,3,2
11.546230137451188,62,567.4147195999814,0.42967033775660785,43,4,1,4,1,4,4
111111.1072,254,0,0,0,25,18,25,18,25,3
31.028850339698554,254,7633.867130461286,0.05984810824818948,76,3,1,2,2,3,2
111111.1072,254,0,0,0,41,16,41,17,41,3
0.5417728638672732,254,0,0,0,15,1,13,8,14,4
111111.1072,254,0,0,0,2,1,2,1,1,5
113.93618327256037,62,796039.8986540204,0.044254295367967336,1162,1,1,1,1,1,1
54.62706253128268,254,44955.718310528086,0.0536202553031265,251,1,1,1,1,1,0
250000.0006,254,0,0,0,1,1,1,1,1,5
90909.0902,254,0,0,0,16,3,7,9,16,3
250000.0006,254,0,0,0,5,3,3,3,5,3
25.190647009439374,168,7235.1554478193075,0.0689231365651542,86,1,1,1,1,1,0
10.837627,254,1581.018555,0.11301,44,6,1,3,1,3,4
333333.3215,254,0,0,0,3,2,4,19,3,0
56.40413530826172,254,8090.486937186648,0.06013850062874687,59,8,1,3,3,8,2
20.91550965431508,254,2504.0980408540518,0.029682180070140812,42,6,1,1,4,5,1
142857.1409,254,0,0,0,14,4,5,7,14,1
13.077963476308415,254,1907.8440607646771,0.08131805173836028,44,6,1,1,2,3,2
90909.0902,254,0,0,0,14,8,8,12,14,1
125000.0003,254,0,0,0,1,1,1,1,1,5
11.934860883314542,254,1741.0855633885021,0.04947323549264174,44,3,1,1,1,1,4
30.979945447387955,254,7474.321689469407,0.053505608088455656,65,4,1,2,2,3,2
3.645477548341647,62,179.14919664616582,0.3394068959698135,43,2,1,1,2,2,4
17.231611,254,2513.787842,0.050283,44,3,1,2,3,3,5
333333.3215,254,0,0,0,14,4,4,7,14,2
111111.1072,254,0,0,0,7,2,7,3,7,1
250000.0006,254,0,0,0,18,4,4,5,18,3
90909.0902,254,0,0,0,13,6,6,9,13,2
90909.0902,254,0,0,0,1,1,1,1,1,5
18.419598,254,2687.094238,0.039127,44,2,1,1,9,1,5
125000.0003,254,0,0,0,42,16,42,41,42,3
21.368725989104952,92,8611.411957902199,0.03857179427100986,136,4,1,3,3,3,4
25.393859,62,67746.75,0.04056,641,3,2,2,2,2,1
19.524221950535082,254,2345.285344353108,0.11383793849621059,44,1,1,1,1,1,1
83333.33039,254,0,0,0,4,1,1,2,4,2
11.741029,254,1712.80896,0.038658,44,1,1,1,1,1,5
6.607952,254,963.983521,0.079655,44,1,1,1,1,4,5
31250.00008,254,0,0,0,1,1,1,1,2,5
0,0,0,0,0,2,2,2,2,2,4
142857.1409,254,0,0,0,7,3,3,3,7,3
98.91931590203919,254,6520.802565145668,0.026224023660314837,44,1,1,1,1,1,0
333333.3215,254,0,0,0,1,1,1,10,2,5
100000.0025,254,0,0,0,13,4,4,7,13,2
20.602189,254,3005.49585,0.056533,44,10,2,2,2,6,2
333333.3215,254,0,0,0,4,3,4,3,4,0
200000.0051,254,0,0,0,5,2,5,2,5,0
25.872872548771557,254,3724.3885921073124,0.05757597324556416,44,1,1,1,1,1,1
14.585512401296624,183,2083.2639533985607,0.06929030739005537,44,1,1,2,2,1,1
2910.2848550415083,31,690707.6081245407,0,89,4,1,1,7,3,4
111111.1072,254,0,0,0,35,13,35,35,35,3
62.414182,254,7456.414062,0.049111,45,1,1,1,2,1,1
90909.0902,254,0,0,0,6,3,3,3,6,3
1000000.003,254,0,0,0,3,1,3,1,3,1
64.10140370088004,254,7758.839194204931,0.047670983735965386,45,1,1,1,1,1,1
333333.3215,254,0,0,0,4,1,4,2,4,0
24.422619575735403,62,1200.1972665348576,0.13158688867278878,43,5,1,5,3,5,4
111111.1072,254,0,0,0,3,1,3,2,3,1
333333.3215,254,0,0,0,4,3,4,3,4,1
35.46869218030242,254,6720.423658660401,0.04315899664804756,64,1,1,1,1,2,1
1043.1840131164995,31,379671.2858069648,0.00011011037473028291,89,11,1,4,15,12,4
111111.1072,254,0,0,0,40,22,40,40,40,3
111111.1072,254,0,0,0,2,1,2,1,2,4
16.193863034647244,62,795.8126818529023,0.11855092203133666,43,5,1,4,4,5,4
200000.0051,254,0,0,0,5,1,5,1,5,2
59.56281,62,24329.65625,0.059197,124,1,1,1,1,1,1
82.39222086921373,254,9843.123809621706,0.04417230488509641,45,1,1,1,1,1,1
24.859454,62,1221.664551,0.161237,43,5,1,5,2,5,4
333333.3215,254,0,0,0,4,1,4,2,4,0
20.559807,254,2999.312988,0.08077,44,4,1,4,1,4,2
35.635803,254,4257.290527,0.064004,45,2,1,2,2,2,4
166666.6608,254,0,0,0,32,4,32,4,32,3
500000.0013,254,0,0,0,1,1,1,1,1,5
111111.1072,254,0,0,0,6,2,6,6,6,0
19.381171,254,2827.37085,0.047312,44,1,1,1,1,1,5
125000.0003,254,0,0,0,5,2,5,10,5,5
10.857306,254,1583.889282,0.116897,44,5,1,1,3,1,5
333333.3215,254,0,0,0,4,2,4,2,4,1
90909.0902,254,0,0,0,4,4,4,4,4,3
160.86138690078312,31,149924.68108857315,0.00014065971017810064,326,1,1,2,2,1,4
3.078685,254,449.125793,0.057623,44,3,1,1,3,1,5
40.76979457170854,254,4879.952454299576,0.046240824847796264,44,1,1,1,2,1,1
125000.0003,254,0,0,0,7,1,1,1,8,2
100000.0025,254,0,0,0,11,4,4,4,11,3
4377.551327,31,9240273,0.0002,522,16,1,4,7,18,4
125000.0003,254,0,0,0,8,6,8,23,8,0
36.74635584483083,254,4389.964646209395,0.06969749264076786,45,3,1,1,1,1,1
4.377810762333523,62,215.13813928613655,0.25783928327272,43,2,1,1,2,2,4
26.063345,254,3802.182129,0.050858,44,1,1,1,1,1,5
125000.0003,254,0,0,0,3,1,3,1,3,0
100000.0025,254,0,0,0,11,4,4,8,11,1
111111.1072,254,0,0,0,7,3,7,7,7,3
1000000.003,254,0,0,0,25,25,26,25,25,3
19.800045,254,2365.445312,0.085613,45,1,1,1,1,1,5
21.769153296717434,254,3510.9798825452726,0.06850155601866026,55,4,1,1,2,2,2
0.23816719339533526,254,0,0,0,12,2,10,5,11,4
80.92892140025697,225,10606.58877361795,0.06442337890574457,49,1,1,1,1,1,1
28.814112,254,5021.172363,0.078875,56,5,2,3,4,3,2
166666.6608,254,0,0,0,7,3,7,3,7,5
250000.0006,254,0,0,0,4,1,1,1,5,2
0.5903225583397772,254,0,0,0,10,2,9,3,10,4
1.0435613316090997,254,0,0,0,1,1,1,2,1,1
111111.1072,254,0,0,0,40,16,40,40,40,3
125000.0003,254,0,0,0,17,17,17,17,17,3
111111.1072,254,0,0,0,8,4,8,13,8,5
90909.0902,254,0,0,0,23,1,23,7,23,4
333333.3215,254,0,0,0,5,2,5,12,5,0
0,0,0,0,0,1,1,1,1,1,4
111111.1072,254,0,0,0,1,1,1,1,1,5
43.93491995151126,254,11492.714842164889,0.056562795175780445,105,1,1,1,1,1,1
11.063408,254,1613.956055,0.104229,44,2,1,1,2,1,1
333333.3215,254,0,0,0,5,2,5,2,5,0
57.206,254,9875.5625,0.055531,59,1,1,1,1,1,1
18.254054,254,2662.944336,0.065499,44,1,1,1,1,1,5
250000.0006,254,0,0,0,1,1,1,1,1,5
20.609533,254,3006.567139,0.037796,44,1,1,1,1,1,5
26.793959,254,2466.715576,0,43,12,2,2,4,2,0
112.11400328876681,254,8526.889382819916,0.053530013412783746,44,1,1,1,1,1,0
83333.33039,254,0,0,0,5,1,1,2,4,2
1982.911714662911,31,633081.3622490838,0.00011152804406438572,88,6,1,4,7,13,4
15.434957,254,1843.962891,0.05589,45,7,1,1,1,8,2
250000.0006,254,0,0,0,5,2,5,4,5,0
111111.1072,254,0,0,0,51,19,51,35,51,3
125000.0003,254,0,0,0,5,2,5,3,5,1
200000.0051,254,0,0,0,7,4,4,9,7,3
15.559259,254,2269.821289,0.161793,44,5,1,1,3,1,5
28.99367954977598,254,6831.496176466718,0.05667138935289308,85,4,1,1,1,4,2
142857.1409,254,0,0,0,1,1,1,1,1,5
48.308962,62,14110.71094,0.045449,83,1,1,1,1,1,1
34.17002263743859,174,2737.9532143609827,0.07764322832504426,43,6,1,5,4,5,4
125000.0003,254,0,0,0,7,2,7,5,7,0
111111.1072,254,0,0,0,7,1,7,1,7,0
250000.0006,254,0,0,0,10,3,3,5,10,0
111111.1072,254,0,0,0,14,4,4,11,13,2
34.431463423275616,254,3526.906619622272,0.05219136020403417,45,1,1,1,7,2,1
7.509212,254,2148.349854,0.104957,83,1,1,1,1,1,2
111111.1072,254,0,0,0,5,2,5,11,5,0
27.080025,254,3950.497803,0.046859,44,1,1,1,1,2,5
22.36782503277811,254,14025.126426344532,0.1019116237070875,170,1,1,1,1,1,0
111111.1072,254,0,0,0,3,1,3,3,3,0
2857.542882795863,31,632239.0167140174,0,83,1,1,1,5,4,4
500000.0013,254,0,0,0,15,2,3,7,15,2
333333.3215,254,0,0,0,10,4,4,7,10,2
22.239346,254,4842.375977,0.059776,57,3,2,3,3,3,2
5475.806341955091,31,3587478.228968138,0.00014218181805167253,234,7,1,3,5,3,4
53.90137192760375,31,75172.99572797764,0.00015015808703687666,501,1,1,1,1,3,4
142857.1409,254,0,0,0,2,1,1,2,2,5
33.01580894204029,254,3944.288652193826,0.14359062905973188,45,6,1,1,2,5,2
90909.0902,254,0,0,0,2,1,2,2,2,2
100000.0025,254,0,0,0,36,25,36,25,36,3
83333.33039,254,0,0,0,4,1,1,1,1,1
200000.0051,254,0,0,0,6,3,6,5,6,5
100000.0025,254,0,0,0,12,3,3,3,12,3
2785.136948072399,31,661005.8178315054,0,89,1,1,1,2,1,4
333333.3215,254,0,0,0,7,2,7,3,7,0
90909.0902,254,0,0,0,11,4,7,8,11,3
16.974025,255,2259.088379,0.010604,46,1,1,1,1,1,5
18.75427568863631,254,4301.579794852445,0.13870264930553716,60,2,1,2,10,2,4
166666.6608,254,0,0,0,9,9,9,10,9,2
200000.0051,254,0,0,0,31,25,31,25,31,3
24.503237,254,2927.320068,0.078158,45,1,1,1,4,1,5
100000.0025,254,0,0,0,2,1,1,1,1,5
2741.2459746449576,31,650589.051004438,0,89,8,1,1,3,10,4
25.965577,254,3787.919434,0.054008,44,1,1,1,1,1,5
166666.6608,254,0,0,0,12,4,5,4,11,2
1000000.003,254,0,0,0,5,1,1,2,3,5
13.716813,254,2001.040894,0.087019,44,1,1,1,1,3,5
22.257743,254,0,0,0,1,1,1,1,1,0
125000.0003,254,0,0,0,4,1,4,11,4,0
33.66502482365351,254,4116.764299766123,0.06764268178155146,46,6,1,2,3,5,2
90909.0902,254,0,0,0,7,4,5,8,7,0
333333.3215,254,0,0,0,7,2,7,3,7,0
333333.3215,254,0,0,0,11,3,3,3,11,3
250000.0006,254,0,0,0,1,1,1,1,1,5
200000.0051,254,0,0,0,43,25,43,43,43,3
250000.0006,254,0,0,0,21,18,21,19,21,3
60.19240543954001,254,3912.6740774116824,0.05981716874835143,44,6,1,1,3,2,2
166666.6608,254,0,0,0,10,3,3,3,10,3
55.89390838693947,62,31953.373780992708,0.04795484212570591,182,1,1,1,1,1,0
125000.0003,254,0,0,0,5,2,5,3,5,1
25.907524,254,3779.450684,0.051254,44,1,1,1,1,1,5
200000.0051,254,0,0,0,2,1,1,2,1,3
333333.3215,254,0,0,0,10,3,3,4,10,3
50.76757493428381,236,6416.304361064296,0.03446969422705522,49,1,1,1,17,1,1
111111.1072,254,0,0,0,18,18,18,19,18,3
20.064021833728418,254,2493.0348798036425,0.0677160469303541,44,1,1,1,1,1,1
333333.3215,254,0,0,0,3,2,4,19,3,0
38.083633,254,6105.567871,0.050822,56,5,1,1,2,6,2
1.4078924060675333,254,0,0,0,2,2,2,2,2,1
250000.0006,254,0,0,0,35,22,35,35,35,3
2831.1956777873684,31,611538.2821922165,0,81,3,1,1,5,4,4
500000.0013,254,0,0,0,15,1,11,12,15,2
7.805739,62,383.596344,0.057583,43,2,1,2,1,2,4
200000.0051,254,0,0,0,1,1,1,1,1,5
111111.1072,254,0,0,0,43,18,43,43,43,3
125000.0003,254,0,0,0,12,3,5,7,10,1
48.32629723510429,254,7076.99118396098,0.03899668460090855,44,1,1,1,1,1,1
1000000.003,254,0,0,0,3,1,1,4,2,0
125000.0003,254,0,0,0,4,2,4,10,4,0
125000.0003,254,0,0,0,4,3,4,18,4,0
4.256145,254,0,0,0,2,2,2,2,2,0
333333.3215,254,0,0,0,22,20,22,20,22,3
48.677127192815746,62,196455.07821048074,0.04443987506134714,924,1,1,1,1,1,0
19.241715403337345,254,2613.59425196625,0.05053003070567927,44,6,1,2,2,3,2
125000.0003,254,0,0,0,23,9,23,23,23,3
333333.3215,254,0,0,0,5,2,5,12,5,0
500000.0013,254,0,0,0,2,2,2,2,2,0
21.319208,254,3110.096191,0.053541,44,1,1,1,2,1,5
36.67274377574466,254,4408.685043325799,0.04567063795803762,44,11,2,4,4,10,2
11.077834,254,0,0,0,1,1,1,1,1,0
100000.0025,254,0,0,0,1,1,1,2,2,5
41.24249699542431,62,23438.23798882668,0.05512821993762966,173,3,1,2,1,2,1
333333.3215,254,0,0,0,6,2,6,2,6,1
250000.0006,254,0,0,0,7,4,4,4,7,3
25.442399,254,3711.596924,0.047125,44,1,1,1,1,1,5
17.620177242321425,254,2570.472883385293,0.06434606197161057,44,3,1,3,1,3,4
82.34210540521715,62,17756.235265406347,0.045044149610650765,115,1,1,1,1,1,1
18.152561,62,4632.818359,0.115122,86,1,1,1,1,1,0
12.45321848010347,254,1816.704820946101,0.026875577924056978,44,1,1,1,1,1,1
22.069053395450535,254,4632.031823760218,0.03877822794701541,56,3,1,3,2,3,2
333333.3215,254,0,0,0,30,12,30,30,30,3
327.637037,31,1115897.25,0.000122,735,2,1,3,6,2,4
7.761856,254,1132.317749,0.108123,44,1,1,1,1,1,5
71428.57045,254,0,0,0,7,3,7,7,7,3
500000.0013,254,0,0,0,10,2,2,5,2,0
2941.176566,31,635294.125,0,81,4,1,4,8,4,4
111111.1072,254,0,0,0,35,17,35,17,35,3
0,0,0,0,0,1,1,1,1,1,4
500000.0013,254,0,0,0,7,1,2,2,7,2
15.26191182541844,254,1997.9995133949467,0.08700961054704033,46,3,1,1,1,2,2
142857.1409,254,0,0,0,10,3,7,7,10,3
1796.6673845195803,31,676418.0566450596,0.00012704092361848955,91,9,1,5,7,11,4
1785.134639,31,672076.125,0.000129,91,14,1,6,11,16,4
333333.3215,254,0,0,0,5,2,5,2,5,0
90.77293867224665,178,10273.160204039666,0.04098890292339943,54,1,1,1,1,1,1
125000.0003,254,0,0,0,5,2,5,2,5,1
30.67309,254,3664.411865,0.064709,45,7,1,1,3,3,2
142857.1409,254,0,0,0,22,6,21,6,22,3
0.970374,254,123.206184,0.029586,45,4,3,3,3,5,2
90909.0902,254,0,0,0,12,6,6,6,12,0
3077.283849,31,860701.625,0.000121,69,1,1,4,7,1,4
15.851156,254,2312.404053,0.122728,44,1,1,1,1,1,5
90909.0902,254,0,0,0,2,1,1,1,1,5
37.37636799587704,254,2825.9034264964616,0.12486230823674876,43,1,1,1,1,1,1
90909.0902,254,0,0,0,14,2,3,3,14,0
21.645308989504088,62,15884.83545855905,0.061204073664752084,208,5,1,1,2,1,1
22.07305,254,3220.068359,0.024201,44,1,1,1,1,8,5
79.36592,254,9481.582031,0.056931,45,1,1,1,1,1,5
100000.0025,254,0,0,0,26,6,26,6,26,3
142857.1409,254,0,0,0,21,14,21,14,21,3
16.787085061250924,254,2005.497109203995,0.04017444573921762,45,1,1,1,1,1,1
58.72201565198283,254,37141.48293149806,0.057054745887819384,182,7,1,1,1,6,2
18.73354751045651,254,2732.8940055361486,0.08313532075329347,44,4,1,3,2,3,4
65.318956,254,3343.759521,0.107053,43,4,1,1,3,3,2
11.664010828814114,254,1701.573296029297,0.06674553194565609,44,8,1,1,2,2,2
627.3357431403845,31,210666.2899306907,0.0001543105886653443,94,1,1,1,3,1,4
90909.0902,254,0,0,0,11,2,2,2,11,2
2808.988808,31,606741.5625,0,81,2,1,1,5,1,4
125000.0003,254,0,0,0,8,6,8,23,8,0
25.880626,254,3775.526611,0.045086,44,2,1,1,1,1,5
38.73763087921347,254,4627.855546695563,0.029412347096074144,45,1,1,1,1,1,1
200000.0051,254,0,0,0,12,3,4,4,12,0
21.338580092943573,254,2549.2490407347655,0.08241539650485885,45,6,1,5,3,5,4
1361.6654544179382,31,3881062.689640963,0.0001749352680082458,900,3,1,1,1,6,4
125000.0003,254,0,0,0,4,1,4,1,4,0
1.250537,254,65.628189,0.069241,45,5,1,1,1,4,2
7073.565137,31,3751010.5,0.000123,136,5,1,3,6,6,4
100000.0025,254,0,0,0,8,1,1,3,1,5
200000.0051,254,0,0,0,4,3,3,5,3,5
18.327528,254,2189.528809,0.037386,45,3,1,3,1,3,4
250000.0006,254,0,0,0,9,3,7,8,9,0
100000.0025,254,0,0,0,15,3,3,9,15,1
44.727667,254,12391.91797,0.023873,94,7,1,2,2,7,2
333333.3215,254,0,0,0,5,2,5,11,5,0
22.927612,254,2739.085449,0.021267,45,1,1,1,1,1,5
500000.0013,254,0,0,0,5,1,1,2,1,5
250000.0006,254,0,0,0,44,17,42,37,42,3
90909.0902,254,0,0,0,15,3,7,7,15,3
24.713971,254,3605.332275,0.058007,44,1,1,1,1,1,5
166666.6608,254,0,0,0,8,4,4,4,8,3
61.972203,254,7403.612305,0.017056,45,1,1,1,2,1,5
107.66459104852547,62,219072.60237438275,0.0029518867883713412,596,1,1,1,1,1,1
21.840673,254,2609.232422,0.102223,45,1,1,1,2,1,5
16.797958896115787,254,2843.5031022443486,0.05549245688575319,64,4,1,1,1,3,2
166666.6608,254,0,0,0,7,3,7,3,7,2
0.003052790489522561,254,0,0,0,3,1,2,2,2,1
21.157069,254,5834.896973,0.090745,94,4,1,1,1,6,2
142857.1409,254,0,0,0,7,4,4,4,7,3
63.723874,62,35685.37109,0.047731,170,1,1,1,1,1,1
9.084649527313523,254,1294.1816627007158,0.11897851051224649,44,5,1,1,1,5,2
24.343038036087584,254,3197.949712053816,0.06468892406729668,44,1,1,1,5,1,1
165.33837191390077,62,1312675.2439636327,0.03781519302110104,1222,1,1,1,1,2,1
125000.0003,254,0,0,0,7,2,7,2,7,0
13.818577,254,2015.886597,0.079322,44,1,1,1,1,1,5
67.596496,254,8075.527832,0.043706,45,10,1,3,3,10,2
6.289335,254,459.54071,0.044802,46,3,1,1,1,1,1
200000.0051,254,0,0,0,8,4,4,4,6,1
26.359859,254,3845.438232,0.060771,44,8,2,3,3,3,4
200000.0051,254,0,0,0,11,2,3,3,11,0
100000.0025,254,0,0,0,4,1,1,1,4,5
100000.0025,254,0,0,0,8,3,3,3,8,3
90909.0902,254,0,0,0,13,10,10,13,13,1
38.959318,254,4654.339844,0.069799,45,15,2,3,3,15,2
90909.0902,254,0,0,0,14,4,4,4,14,3
100000.0025,254,0,0,0,39,18,39,18,39,3
100000.0025,254,0,0,0,14,2,2,6,14,0
46.61704382903871,254,4592.734489085758,0.03919772301316833,44,7,1,2,2,6,2
43.135070994856505,47,19063.412788149584,0.02193886717949935,127,8,1,4,6,9,4
500000.0013,254,0,0,0,9,9,9,10,9,1
17.089946223678133,254,2493.1214953937006,0.08716839024830478,44,2,1,1,1,1,1
90909.0902,254,0,0,0,1,1,1,1,1,5
500000.0013,254,0,0,0,22,17,22,17,22,3
30.115771606936192,254,4302.590525793488,0.05274281843663259,44,5,1,2,1,2,2
40.74516049978126,254,11498.084847543916,0.05925791655311573,108,1,1,1,1,1,1
2997.9066943206512,31,665573.0746327918,0,83,14,1,1,5,9,4
31.040964011095948,254,5409.22543139447,0.08254526040362113,56,2,1,1,22,1,4
125000.0003,254,0,0,0,7,2,7,6,7,0
18.52754,254,2702.841064,0.082319,44,7,1,1,3,1,5
125000.0003,254,0,0,0,37,7,37,9,37,3
46.487089157403176,254,6805.289257535075,0.05538763923523314,51,1,1,1,1,1,1
28.049593937692663,254,4091.9408497256873,0.056393096542275103,44,8,1,1,1,7,2
26.699849934100968,254,3189.742168031405,0.06904207403748723,45,1,1,1,8,1,1
27.841846446293786,254,3326.172644153097,0.09972994956457462,45,6,1,5,2,5,4
111111.1072,254,0,0,0,34,17,34,17,34,3
125000.0003,254,0,0,0,4,3,4,18,4,0
250000.0006,254,0,0,0,1,1,1,1,2,5
25.115679,254,3663.934326,0.049502,44,1,1,1,1,1,5
73.15887,62,27714.30078,0.046686,115,1,1,1,1,1,0
250000.0006,254,0,0,0,2,1,1,4,1,5
35449.1251486644,254,0,0,0,14,4,5,6,14,2
2907.846136883486,31,690128.8031283929,0,89,5,1,1,10,4,4
62.463757,254,16405.57617,0.044967,83,1,1,1,1,1,0
125000.0003,254,0,0,0,7,2,7,5,7,0
1062.7811824834857,31,384845.84700975707,0.0001314931907234979,86,6,1,3,11,7,4
34.79122923209876,62,34368.61084601607,0.07809429783919629,315,2,1,1,1,1,3
12.12896,254,1769.401245,0.116245,44,4,1,1,1,2,2
2372.8964489420446,31,3267873.0751598766,0.0001407317397084314,528,8,1,1,2,12,4
43.83792408296262,254,6094.385052371495,0.04912449894569452,44,8,1,2,2,8,2
36.026980168782785,254,7844.483195045678,0.06752385227023412,57,2,1,2,1,2,2
33.10674345286754,62,17317.389166081157,0.09837625734456568,169,2,1,1,1,1,1
125000.0003,254,0,0,0,3,1,3,2,3,0
500000.0013,254,0,0,0,8,3,7,10,8,3
250000.0006,254,0,0,0,43,19,43,20,43,3
17.085873,254,2492.527344,0.085286,44,1,1,1,9,1,1
333333.3215,254,0,0,0,9,3,10,12,9,5
19.638521,254,2346.148682,0.114419,45,1,1,1,1,1,1
34.11481122044339,229,13174.920117094074,0.07547649368003992,120,1,1,2,1,1,1
21.75225729110779,254,3984.929653440549,0.08447040437599479,53,2,1,1,1,2,2
125000.0003,254,0,0,0,3,1,3,1,3,1
32.62973868613919,254,0,0,0,1,1,1,1,1,1
200000.0051,254,0,0,0,1,1,25,1,1,5
250000.0006,254,0,0,0,9,4,4,6,9,3
16.536808617856835,254,2353.066047925288,0.050427626900720696,44,2,1,1,1,1,1
29.029974215642245,254,3468.1141866380244,0.08127664973551282,45,5,1,1,3,5,2
125000.0003,254,0,0,0,24,17,24,21,24,3
72.57465702543631,92,66372.37620074721,0.04541053842788319,289,1,1,1,1,1,0
100000.0025,254,0,0,0,17,3,3,3,17,3
27.054242,254,0,0,0,2,2,2,2,2,2
100000.0025,254,0,0,0,12,3,3,3,12,3
35.30513,62,206735.1875,0.059373,1029,1,1,1,1,5,1
111111.1072,254,0,0,0,7,2,7,11,7,0
23.599229,254,2819.321289,0.063588,45,9,3,3,3,7,2
26.581813,254,3877.817383,0.046471,44,1,1,1,1,2,5
250000.0006,254,0,0,0,20,15,20,15,20,3
20.607666,254,0,0,0,1,1,2,1,1,5
26.959837472964313,254,6354.340209072252,0.05078688460082284,83,1,1,1,1,1,0
166666.6608,254,0,0,0,9,3,5,12,9,1
9.511543,254,1387.566284,0.088461,44,1,1,1,1,1,5
333333.3215,254,0,0,0,5,2,5,12,5,0
18.289143606866077,254,2184.9430663294606,0.07856502663519832,45,2,1,2,1,2,4
200000.0051,254,0,0,0,6,1,1,3,1,5
71428.57045,254,0,0,0,2,1,1,2,1,5
75.747629,254,9049.316406,0.047017,45,2,1,1,1,1,5
250000.0006,254,0,0,0,14,14,14,14,14,3
24.475668587792708,254,6262.548474488992,0.06998740705236978,87,12,2,2,6,6,2
139.97302883232547,81,6958.279794493251,0.05341056483367548,43,1,1,1,1,1,0
200000.0051,254,0,0,0,29,14,29,14,29,3
1000000.003,254,0,0,0,7,3,3,4,7,3
125000.0003,254,0,0,0,8,4,8,13,8,1
250000.0006,254,0,0,0,10,2,2,5,9,2
500000.0013,254,0,0,0,9,3,7,12,9,3
81.65455752756999,254,9754.998167055177,0.044256546093693214,45,1,1,1,1,2,0
111111.1072,254,0,0,0,43,18,43,46,43,3
29.85398864281592,254,3695.395774794719,0.07219710058166168,46,8,1,3,2,3,4
34.484549057011165,62,26406.847810674088,0.055302842567636595,233,1,1,1,2,1,1
120.63802,62,390993.0625,0.045018,717,2,1,2,2,2,3
0.6469565584997348,254,0,0,0,49,2,48,23,48,4
100000.0025,254,0,0,0,2,1,1,1,1,5
5.969805,254,870.889221,0.070541,44,2,1,1,1,2,5
28.775487647287385,254,3246.9579977491962,0.07108650676090142,44,1,1,1,9,1,0
166666.6608,254,0,0,0,8,1,2,2,8,3
142857.1409,254,0,0,0,4,1,1,2,1,5
49.56231318155662,141,9101.446816255928,0.050993365913569184,70,2,1,1,1,2,1
15.888296,254,2317.822021,0.095354,44,2,1,1,2,1,1
1244.114092645881,31,384203.48828706477,5.6307038624133705e-05,84,9,1,3,10,13,4
333333.3215,254,0,0,0,10,10,10,10,10,0
142857.1409,254,0,0,0,13,1,2,3,5,2
26.365186762356103,62,8365.564844991719,0.04824252860657089,82,1,1,1,1,4,1
77.09593112424064,254,9210.39383587232,0.045980360965831045,45,1,1,1,1,1,1
17.112326,254,2496.38623,0.087745,44,1,1,1,1,1,5
0,0,0,0,0,1,1,1,1,1,4
111111.1072,254,0,0,0,3,1,1,2,1,5
76923.07779,254,0,0,0,6,1,3,4,4,2
111111.1072,254,0,0,0,7,2,7,10,7,1
78.01384059810889,254,5867.7796969950095,0.06378663434908066,43,7,2,2,3,5,2
64.724641,254,7732.437012,0.036295,45,2,1,2,1,2,5
500000.0013,254,0,0,0,4,2,2,4,2,3
6823.953307225206,31,2375943.647926411,0.0001736319462137804,105,2,1,1,2,6,4
111111.1072,254,0,0,0,8,1,8,1,8,4
67.133343,254,35885.82422,0,46,1,1,1,1,1,5
24.316804,254,3547.392578,0.033238,44,1,1,1,11,1,5
90909.0902,254,0,0,0,9,4,4,5,9,3
200000.0051,254,0,0,0,15,1,2,2,15,3
5.614345333973856,254,0,0,0,1,1,1,2,1,2
1682.0114363778855,31,633251.8283591865,0.00014149791689886218,91,8,1,6,8,14,4
43.00745981335178,62,40965.26043025621,0.05902855596694605,381,1,1,4,3,1,1
1.2625626959930774,254,0,0,0,6,3,4,4,4,0
200000.0051,254,0,0,0,1,1,1,1,4,5
28.233256775423435,254,8662.255645741143,0.04685563589585229,103,5,1,1,3,1,1
4663.748019205436,31,12444551.83120546,8.531250173303865e-05,661,7,1,1,4,8,4
250000.0006,254,0,0,0,11,3,3,7,11,0
200000.0051,254,0,0,0,5,2,5,2,5,0
24.32098,254,3548.001953,0.052802,44,2,1,1,1,1,5
142857.1409,254,0,0,0,5,3,5,3,5,0
333333.3215,254,0,0,0,5,3,6,21,5,5
26.78782907174167,254,0,0,0,1,1,1,1,1,1
166666.6608,254,0,0,0,9,3,10,12,9,1
7599.425925048011,31,2617644.4413544806,0.0001387599370412514,115,1,1,1,1,9,4
250000.0006,254,0,0,0,9,4,7,7,9,3
3121.8035342000812,31,689402.6937725237,0,82,3,1,1,1,2,4
111111.1072,254,0,0,0,1,1,1,2,1,4
250000.0006,254,0,0,0,9,3,10,9,9,0
41.290899394327724,254,5117.049106186627,0.05756004737340348,48,6,1,1,1,6,2
29411.76419,254,0,0,0,14,6,6,8,14,2
83333.33039,254,0,0,0,23,6,6,8,18,2
125000.0003,254,0,0,0,10,4,6,12,10,0
26.887553579493822,150,10664.678473575626,0.04763504153041297,121,1,1,1,1,1,0
30.664680569855065,254,4173.647628254702,0.07136500645312333,50,1,1,1,1,2,4
37.974804917310394,254,4579.492070443461,0.05441656766233309,49,6,1,1,1,5,2
15.429899,254,2250.949951,0.064848,44,2,1,1,4,1,5
23.332899,254,3403.858154,0.079372,44,1,1,1,1,2,5
90909.0902,254,0,0,0,2,1,1,1,1,0
125000.0003,254,0,0,0,7,2,7,4,7,1
1274.376411,31,8330942,0.00016,1252,11,1,6,8,7,4
100000.0025,254,0,0,0,1,1,1,1,1,5
35.808623,62,78104.92188,0.024338,515,1,1,2,2,1,1
131.134968,254,7562.769043,0.056118,44,1,1,1,1,1,1
125000.0003,254,0,0,0,5,2,5,11,5,0
76.445724,254,65941.17969,0.017013,262,1,1,1,1,1,0
14.918962,62,10622.30078,0.062542,188,1,1,1,1,1,1
1000000.003,254,0,0,0,27,10,27,27,27,3
132.46155573597173,62,1154756.8962813444,0.0459549575439905,1288,2,1,1,1,1,1
48.97935019316388,254,7056.793631548899,0.04161665860873087,44,1,1,1,1,1,1
200000.0051,254,0,0,0,43,17,43,41,43,3
90.383820485063,31,41897.68689047928,0.0001546415078094047,115,9,1,1,5,9,4
23.835744,254,2847.576904,0.069142,45,2,2,2,2,2,4
111111.1072,254,0,0,0,14,2,2,6,14,2
21739.12995,254,0,0,0,1,1,1,1,1,5
250000.0006,254,0,0,0,1,1,1,1,1,5
16.447550326165466,254,2399.4073300474574,0.07144209438342528,44,5,2,2,2,4,2
250000.0006,254,0,0,0,11,2,2,2,11,0
3120.287474180624,31,740548.2340400076,0,89,1,1,1,5,1,4
34.245923325901956,62,30133.53048371285,0.04818031891704785,290,1,1,1,1,1,3
46.187769,31,19304.86719,0.000839,103,13,1,1,2,9,4
4.337808,62,1610.925049,0.089058,98,1,1,1,1,1,0
26.029305,254,3797.216309,0.053563,44,1,1,1,1,1,5
90909.0902,254,0,0,0,24,1,24,8,24,4
111111.1072,254,0,0,0,34,17,34,17,34,3
17.206981648239477,254,2197.0003309095478,0.052771552873000685,44,4,1,1,1,3,2
23.704946635818214,62,1164.9287664385208,0.04920831073668143,43,4,1,4,3,4,4
17.829128154481317,254,4978.953692196047,0.0982679812848973,81,2,1,2,2,2,2
78.1106489515446,254,10315.852162362538,0.04399945447579354,68,1,1,1,1,1,1
28.831365,31,76385.21875,0.000125,565,2,1,1,4,2,4
125000.0003,254,0,0,0,1,1,1,1,1,5
1.121435,254,0,0,0,1,1,1,1,1,1
1141.4131005461259,31,390734.7061129464,0.00013359459809369817,81,1,1,1,4,3,4
1.075252,254,239.392258,0.051696,57,3,2,2,2,3,2
62.39863704198725,254,13083.561390983265,0.04627732557674403,61,1,1,1,1,1,1
17.239278693922426,62,847.1874328857386,0.16999681612515716,43,5,1,5,2,5,4
83333.33039,254,0,0,0,30,1,9,9,30,2
19.701694466868897,254,2353.6957332957695,0.053812321046570355,45,6,1,1,1,4,2
100000.0025,254,0,0,0,12,4,4,5,12,1
125000.0003,254,0,0,0,5,3,5,3,5,1
111111.1072,254,0,0,0,1,1,1,1,2,5
2761.3918885877606,31,596460.6241774275,0,81,1,1,1,5,2,4
18.201791,254,2655.320068,0.085931,44,1,1,1,1,1,5
20.68768408166015,62,10651.365202667268,0.060591458848857714,147,1,1,1,1,1,1
176.7645435880284,31,49388.23482518886,0.00013069234493316007,69,1,1,1,1,1,4
111111.1072,254,0,0,0,4,1,1,2,5,5
125000.0003,254,0,0,0,4,1,1,1,4,2
100000.0025,254,0,0,0,1,1,1,1,2,5
111111.1072,254,0,0,0,29,24,29,24,29,3
109.82471,62,572222.1875,0.049332,1063,2,1,1,1,1,1
15.145238,254,2209.423096,0.065571,44,2,1,2,1,2,2
1000000.003,254,0,0,0,7,4,4,4,7,3
5296.5260131452,31,16237715.029191915,0.00013883745607536476,700,4,1,2,4,3,4
73.80709982570696,254,6319.925638019846,0.05608286284734824,44,1,1,1,1,1,0
21.40093,254,3122.018066,0.038718,44,1,1,1,1,1,5
47.01868367067764,254,6276.465598700358,0.034221370617046123,44,3,1,2,2,3,2
90909.0902,254,0,0,0,2,1,1,1,2,5
500000.0013,254,0,0,0,34,20,34,35,34,3
38.39332283527025,254,6400.964188351632,0.06127762190135448,68,4,1,1,1,4,2
200000.0051,254,0,0,0,11,2,3,3,11,0
333333.3215,254,0,0,0,29,18,29,19,29,3
18.571846,254,2709.304688,0.056514,44,1,1,1,1,1,5
27.3956419491869,62,1346.3001232604713,0.08632873855701696,43,4,1,3,2,4,4
1.02989387293636,254,0,0,0,1,1,1,1,1,0
28.44092461607259,254,4777.193157290447,0.03796958014125669,52,3,1,2,1,4,2
90909.0902,254,0,0,0,4,1,1,2,1,5
4.896749364045482,254,1423.9872887461308,0,187,1,1,1,1,1,0
2791.584873735049,31,644016.2623554706,0,86,2,1,1,4,4,4
9.839519541423677,254,1435.4123015776315,0.10263430228761604,44,5,1,1,2,2,2
333333.3215,254,0,0,0,5,2,5,2,5,1
200000.0051,254,0,0,0,5,2,5,2,5,0
100000.0025,254,0,0,0,26,10,26,26,26,3
125000.0003,254,0,0,0,27,10,28,22,27,3
90909.0902,254,0,0,0,2,1,1,1,1,5
333333.3215,254,0,0,0,4,2,4,3,4,0
28.263009,31,70048.5,0.000124,565,3,1,1,3,1,4
31250.00008,254,0,0,0,1,1,1,1,1,5
1.558939,254,0,0,0,17,1,16,13,16,4
250000.0006,254,0,0,0,5,2,5,4,5,0
1.0983709793244145,254,315.4747616326948,0.05743454990055666,85,3,2,2,2,3,2
125000.0003,254,0,0,0,7,2,7,2,7,5
27.041256,254,3944.842041,0.044875,44,1,1,1,1,2,5
27.200522,62,24568.54688,0.069881,263,1,1,1,1,1,1
24.344904824662493,62,5419.538287789855,0.0674022723025722,84,1,1,1,1,1,1
125000.0003,254,0,0,0,13,4,4,10,12,0
111111.1072,254,0,0,0,18,18,18,19,18,3
111111.1072,254,0,0,0,5,1,5,1,5,0
200000.0051,254,0,0,0,1,1,1,5,13,5
200000.0051,254,0,0,0,39,15,39,36,39,3
0,0,0,0,0,2,2,2,2,2,4
142857.1409,254,0,0,0,7,3,3,4,7,3
20.93387327214775,254,4076.015479464652,0.06986077006995214,64,2,1,2,1,2,4
333333.3215,254,0,0,0,4,2,4,2,4,1
20.239348,254,2952.563721,0.053949,44,1,1,1,1,1,5
13.623058,254,2728.970947,0.108855,57,2,1,1,2,2,2
333333.3215,254,0,0,0,1,1,1,1,1,5
21.685057,254,3163.467285,0.033302,44,1,1,1,1,1,5
142857.1409,254,0,0,0,10,3,3,4,10,3
37.02871824012616,62,223292.6137757407,0.07154982553891685,1039,1,1,1,1,1,1
111111.1072,254,0,0,0,7,3,7,13,7,2
250000.0006,254,0,0,0,10,6,6,9,10,2
83333.33039,254,0,0,0,6,2,2,5,2,1
13.885243,254,3792.654785,0.089751,80,3,1,1,1,2,2
200000.0051,254,0,0,0,5,2,5,2,5,0
28.36057801688667,62,42447.098965570854,0.08326107970065573,365,1,1,1,2,1,1
111111.1072,254,0,0,0,37,9,37,20,37,3
56.06550641870312,62,261332.83317707002,0.061084627236180855,926,1,1,1,1,1,1
166666.6608,254,0,0,0,11,11,11,12,11,0
500000.0013,254,0,0,0,26,14,26,27,26,3
111111.1072,254,0,0,0,1,1,2,1,1,5
1000000.003,254,0,0,0,3,1,1,1,3,2
333333.3215,254,0,0,0,29,18,29,18,29,3
142857.1409,254,0,0,0,3,1,1,1,3,2
56.13536115441025,62,7277.279691825378,0.05872482781628404,50,1,1,1,1,1,1
23.622004,254,3446.033691,0.126262,44,4,1,4,2,4,4
90909.0902,254,0,0,0,2,1,1,2,1,5
1509.3396211952872,31,405136.4660768571,0,78,5,1,3,4,11,4
63517.48177022431,254,0,0,0,1,1,1,1,1,0
250000.0006,254,0,0,0,1,1,1,3,1,0
5.333085,254,0,0,0,1,1,1,2,1,2
200000.0051,254,0,0,0,2,1,2,3,4,4
333333.3215,254,0,0,0,18,18,19,19,18,3
24.195786246027584,62,11039.368653373887,0.08360466327372928,138,3,1,3,1,3,4
16.651468,254,2429.155273,0.082712,44,1,1,1,1,1,5
500000.0013,254,0,0,0,1,1,1,1,9,5
19.040153,254,2777.622314,0.129476,44,1,1,1,1,8,5
40.03733048889707,44,13291.907937185544,0.03148881525949991,96,1,1,2,3,1,4
142857.1409,254,0,0,0,1,1,1,1,1,5
90909.0902,254,0,0,0,7,4,7,7,7,3
40.511036,254,10848.42871,0.024106,91,6,1,2,2,7,2
111111.1072,254,0,0,0,8,1,8,1,8,4
200000.0051,254,0,0,0,11,3,3,5,11,3
53.3995431806848,254,8625.808923558188,0.04254796038387374,52,4,1,2,2,4,2
200000.0051,254,0,0,0,32,25,32,26,32,3
500000.0013,254,0,0,0,17,3,3,3,15,2
17.67150715697799,254,2111.156078526985,0.10266213109858978,45,7,1,1,2,3,2
3023.9175415948716,31,717676.4223171326,0,89,1,1,1,1,2,4
125000.0003,254,0,0,0,4,2,4,12,4,1
250000.0006,254,0,0,0,3,3,3,3,3,3
90909.0902,254,0,0,0,18,4,4,4,18,3
32.319577,254,4714.855957,0.031574,44,4,1,1,1,2,2
21.704548,254,3166.310547,0.049787,44,1,1,1,1,1,1
0.5548618551115628,254,0,0,0,18,4,4,4,17,0
2.058422,254,0,0,0,7,2,2,3,6,2
1795.136807,31,675841.8125,0.000134,91,9,1,6,9,12,4
100000.0025,254,0,0,0,7,2,2,2,7,3
40.801814859747914,254,5220.445539128032,0.043517052052181183,44,2,1,1,1,1,1
93.4871564328766,134,506675.9737587673,0.01205484509868285,971,1,1,1,2,1,0
20.148292,254,2939.280273,0.060778,44,1,1,1,1,2,5
125000.0003,254,0,0,0,16,3,3,6,16,3
111111.1072,254,0,0,0,5,2,5,11,5,5
100000.0025,254,0,0,0,2,1,1,1,1,5
26.778823,254,3906.557617,0.014468,44,1,1,1,1,1,5
125000.0003,254,0,0,0,5,3,5,3,5,0
2.972159538352159,254,76.23320615011468,0.038955189914662,29,7,1,1,4,1,1
76.32927127547194,31,25188.1898520035,0.00023461519315762634,86,10,1,4,8,7,4
1000000.003,254,0,0,0,45,13,45,29,45,3
333333.3215,254,0,0,0,3,2,4,19,3,0
16.526321,254,1974.344482,0.065454,45,1,1,1,1,1,5
11.423754778220658,254,1413.3707333434634,0.08219686958404979,45,5,1,1,2,3,2
27.189472,254,3966.464111,0.047338,44,2,1,1,1,2,5
125000.0003,254,0,0,0,4,2,4,10,4,1
250000.0006,254,0,0,0,14,4,4,8,14,2
24.407159853472194,62,11149.943486227014,0.06510652311062023,124,1,1,1,2,1,1
111111.1072,254,0,0,0,9,1,1,3,1,0
33.246744,254,3971.877686,0.05509,45,3,1,3,2,3,2
31.0521022564619,254,3759.435094631427,0.07138361554497671,44,8,1,7,2,7,4
166666.6608,254,0,0,0,4,2,4,11,4,0
333333.3215,254,0,0,0,12,4,4,5,12,2
125000.0003,254,0,0,0,5,3,5,3,5,5
67788.72075668603,254,0,0,0,5,4,4,4,5,3
125000.0003,254,0,0,0,2,1,1,1,1,5
21.774901968146278,62,49303.529315419866,0.20408113452667367,625,1,1,1,1,1,1
33.168829054496626,62,26629.91980218997,0.053278388724461195,275,1,1,1,1,1,1
125000.0003,254,0,0,0,3,1,4,2,3,0
200000.0051,254,0,0,0,29,14,29,14,29,3
4.832573123913575,254,142.7467739576864,0.07391656468708678,48,1,1,1,1,1,1
33.96568471562536,62,8967.124107913101,0.09991462766219943,85,1,1,1,1,1,1
24.773468,254,3614.011719,0.009141,44,2,1,2,1,2,5
90909.0902,254,0,0,0,19,3,4,5,19,3
10.235522,62,2865.946045,0.075421,75,7,1,2,5,2,1
31.143076,254,3720.559326,0.045726,45,4,1,2,2,4,2
10.890518,254,1393.986328,0.102262,45,4,1,1,2,4,2
75.57148490876338,62,75952.319455791,0.01735386026491817,305,1,1,1,1,1,0
34.533438920558275,62,30721.72588931835,0.08109937354310567,316,3,1,1,1,1,1
111111.1072,254,0,0,0,4,1,4,2,4,0
25.062223,254,8242.686523,0.083374,88,1,1,1,1,1,0
90909.0902,254,0,0,0,23,4,4,6,18,0
17.695854,254,2581.512695,0.065262,44,2,1,1,2,1,5
125000.0003,254,0,0,0,5,2,5,2,5,1
333333.3215,254,0,0,0,1,1,2,1,1,4
333333.3215,254,0,0,0,25,4,25,4,25,3
952132.1333464768,254,0,0,0,4,1,4,8,4,1
22.225593,254,3242.321777,0.079433,44,7,1,1,3,1,1
17.01806426812195,82,5391.603595349328,0.06705233543813911,82,1,1,1,2,1,0
111111.1072,254,0,0,0,6,1,6,1,6,1
7543.103544,31,2767241.5,0.000139,123,5,1,1,1,4,4
125000.0003,254,0,0,0,4,3,4,18,4,1
111111.1072,254,0,0,0,2,1,1,2,1,5
1752.632518,31,5248511.5,0.000143,743,11,1,1,4,10,4
38.10532767904294,254,4661.742318183505,0.03536292255287418,44,7,1,2,2,6,2
16.137943,254,2354.240967,0.080175,44,2,1,1,2,1,5
142857.1409,254,0,0,0,26,16,26,16,26,3
1000000.003,254,0,0,0,34,12,34,27,34,3
90909.0902,254,0,0,0,14,6,6,9,14,0
200000.0051,254,0,0,0,47,12,47,23,47,3
82.31923696237233,254,9834.404784461869,0.044814503482349284,45,1,1,1,1,1,1
333333.3215,254,0,0,0,6,3,6,5,6,0
111111.1072,254,0,0,0,52,9,52,9,52,3
111111.1072,254,0,0,0,5,2,4,2,4,4
166666.6608,254,0,0,0,31,14,31,14,31,3
38.061019,254,4547.022949,0.036356,45,1,1,1,5,1,5
76923.07779,254,0,0,0,8,1,2,3,7,2
1284.1246631944882,31,6399657.796543953,0.00013307637339467533,1119,10,1,1,1,9,4
35.244933171848494,62,6124.626495746086,0.07542875553734334,70,1,1,2,2,1,1
90909.0902,254,0,0,0,7,3,3,3,7,3
100000.0025,254,0,0,0,11,4,4,7,11,1
27.114058,254,3955.462646,0.045985,44,2,1,2,1,1,5
56.19581669576278,62,23424.667626237246,0.04889584284157664,126,2,1,1,1,1,0
111111.1072,254,0,0,0,2,1,2,2,2,0
28571.42781,254,0,0,0,11,2,5,5,11,3
111111.1072,254,0,0,0,11,1,1,5,1,5
158.01464626446747,62,1101897.9019936966,0.008604287889135191,1132,1,1,1,1,1,1
200000.0051,254,0,0,0,14,4,7,8,14,3
19.407721,254,2831.244141,0.053956,44,8,1,1,2,1,5
1000000.003,254,0,0,0,6,2,7,2,6,1
125000.0003,254,0,0,0,4,1,3,1,3,2
19.579704,254,2856.333252,0.061665,44,1,1,1,1,1,5
2887.391736,31,685274.3125,0,89,3,1,1,5,3,4
125000.0003,254,0,0,0,25,17,25,18,25,3
26.314934,254,3838.884521,0.046852,44,2,1,1,1,3,5
142857.1409,254,0,0,0,2,1,1,1,5,5
250000.0006,254,0,0,0,1,1,1,1,1,5
111111.1072,254,0,0,0,33,10,33,13,33,3
142857.1409,254,0,0,0,10,4,7,10,10,1
142857.1409,254,0,0,0,3,1,2,3,3,5
111111.1072,254,0,0,0,29,13,29,13,29,3
250000.0006,254,0,0,0,15,6,6,11,15,1
500000.0013,254,0,0,0,20,16,20,16,20,3
2906.976908,31,689922.5,0,89,7,1,2,13,3,4
200000.0051,254,0,0,0,21,4,4,6,16,2
9.226064,254,1345.919922,0.116197,44,2,1,1,1,2,5
333333.3215,254,0,0,0,3,1,3,1,3,0
25.198269,254,3010.353271,0.025093,45,1,1,1,1,1,5
12.399979,254,1808.938232,0.075225,44,1,1,1,1,1,5
2803.8833163953627,31,605638.7806711567,0,81,2,1,2,5,2,4
111111.1072,254,0,0,0,18,18,18,18,18,3
2761.6071233144257,31,598497.3224866136,0,81,8,1,1,5,5,4
142857.1409,254,0,0,0,10,2,2,6,9,1
40.79643028703032,254,10366.227267909428,0.024874684754372635,81,4,1,1,2,3,2
90909.0902,254,0,0,0,8,2,3,10,9,2
250000.0006,254,0,0,0,3,1,1,1,6,2
27.022773,254,3942.145752,0.012052,44,1,1,1,2,1,5
111111.1072,254,0,0,0,29,17,29,26,29,3
8127.008114,31,2756378.75,0.000137,96,2,1,2,2,9,4
1.4190410349118108,254,0,0,0,7,1,1,2,5,2
0.941424,254,0,0,0,1,1,2,3,1,5
14.327762,254,4077.271729,0.10446,83,2,1,2,1,2,4
333333.3215,254,0,0,0,31,18,31,18,31,3
2209.52103781643,31,7614677.852797668,0.00013454440460132944,1031,5,1,1,2,3,4
125000.0003,254,0,0,0,7,2,7,2,7,0
125000.0003,254,0,0,0,9,4,9,14,9,0
500000.0013,254,0,0,0,7,1,7,1,7,0
43.275931,254,5170.03125,0.069585,45,7,1,1,1,6,2
27.33611652399566,254,3459.0244448767876,0.06901994287379698,46,2,1,2,1,2,4
18.928263349691335,254,2441.0744280601843,0.0771624605050601,46,3,1,2,1,3,4
500000.0013,254,0,0,0,14,1,10,11,14,2
125000.0003,254,0,0,0,5,2,5,11,5,0
100000.0025,254,0,0,0,37,1,15,13,36,2
111111.1072,254,0,0,0,20,20,20,20,20,3
20.593675847035822,254,3004.2539159251,0.06140141792253201,44,8,1,2,1,6,2
39.952801,254,4773.027832,0.094044,45,1,1,1,1,2,0
23.60489106373756,254,2819.997717492581,0.06610363784868441,45,8,2,2,2,6,2
1932.094453,31,4078325.75,0.000141,522,18,1,1,11,2,4
125000.0003,254,0,0,0,5,2,5,11,5,0
38.900614,254,11818.54883,0.03301,86,1,1,1,1,1,0
69.873716,254,8347.580078,0.048073,45,1,1,1,4,1,5
12.916402,254,1884.275024,0.056057,44,1,1,1,1,1,5
100000.0025,254,0,0,0,5,1,1,2,5,2
6.557872740766324,62,322.27261692481414,0.08283038536840535,43,5,1,4,3,4,4
79213.27138718877,254,0,0,0,8,1,1,1,6,0
10.109335,254,1474.77356,0.061979,44,3,1,1,1,2,5
125000.0003,254,0,0,0,16,16,16,16,16,3
111111.1072,254,0,0,0,1,1,1,1,1,5
19.191142504923683,62,24093.520925721776,0.08275316601538915,310,1,1,1,1,1,1
94.61848905065249,254,7447.814223076771,0.04905819867652648,44,1,1,1,1,1,1
39.69433696472358,62,12359.027562440882,0.02693531359206345,78,1,1,1,1,1,1
3121.9114816291158,31,740933.6627135548,0,89,1,1,1,3,3,4
146.688314,31,61310.56641,0.000135,103,24,1,3,7,11,4
333333.3215,254,0,0,0,9,3,9,12,9,0
83333.33039,254,0,0,0,2,1,1,2,1,5
15.046032,254,2194.950439,0.035521,44,1,1,1,1,1,5
90909.0902,254,0,0,0,7,3,3,3,7,3
2782.639093217891,31,601050.0409396216,0,81,5,1,1,4,3,4
100000.0025,254,0,0,0,27,17,27,17,27,3
111111.1072,254,0,0,0,28,4,28,4,28,3
125000.0003,254,0,0,0,28,16,28,29,28,3
125000.0003,254,0,0,0,14,4,4,8,13,1
125000.0003,254,0,0,0,5,2,6,2,5,5
3.022397,254,440.914459,0.112086,44,2,1,1,1,2,5
2183.9255706743243,31,661646.4146171563,7.741999938284431e-05,90,3,1,3,5,8,4
28.81306398820932,31,76336.73047404953,0.0001538628095458855,565,1,1,1,2,2,4
250000.0006,254,0,0,0,2,2,2,2,2,5
26610.657659968387,254,0,0,0,9,3,4,5,8,2
90909.0902,254,0,0,0,13,2,3,3,13,3
32.33459662129443,62,46747.43240970493,0.06070967633193435,372,1,1,1,1,1,1
97.481295,62,15142.72559,0.055701,74,1,1,1,1,1,1
0,0,0,0,0,1,1,1,1,1,4
333333.3215,254,0,0,0,5,2,5,2,5,5
3.426686,62,168.397156,0.363776,43,2,1,1,3,2,4
90909.0902,254,0,0,0,1,1,1,1,1,5
111111.1072,254,0,0,0,27,20,27,20,27,3
125000.0003,254,0,0,0,8,2,8,7,8,5
25.18464111956777,62,5425.892218759514,0.06814352082986398,83,1,1,1,1,1,1
111111.1072,254,0,0,0,22,9,22,9,22,3
111111.1072,254,0,0,0,4,1,4,2,4,0
29.783415,254,3558.125244,0.038363,45,4,1,1,1,5,2
52.96395208017996,62,72401.2963218334,0.03614420612701257,418,1,1,1,4,1,1
27835.313096402224,254,0,0,0,11,4,5,6,11,2
90909.0902,254,0,0,0,9,1,3,4,7,5
13.717598717179802,62,3708.151995688352,0.12300080713549029,74,1,1,2,2,1,1
36.426047,254,0,0,0,1,1,1,1,1,5
111111.1072,254,0,0,0,3,1,3,9,3,0
90909.0902,254,0,0,0,6,1,2,3,5,2
0.8949480632272481,254,0,0,0,1,1,1,2,1,1
13.451501,62,17863.59375,0.055888,317,1,1,1,2,1,1
90909.0902,254,0,0,0,1,1,1,1,1,5
333333.3215,254,0,0,0,4,2,4,3,4,0
142857.1409,254,0,0,0,24,1,24,9,24,4
200000.0051,254,0,0,0,9,1,9,6,11,4
333333.3215,254,0,0,0,6,2,6,4,6,0
2803.738322,31,665420.5625,0,89,1,1,1,3,2,4
29.89322781558507,254,8042.917318051372,0.04869393893641205,91,5,1,2,2,5,2
333333.3215,254,0,0,0,3,2,3,11,3,0
333333.3215,254,0,0,0,10,3,3,3,10,3
27.243808,254,3974.390869,0.045694,44,1,1,1,1,1,5
333333.3215,254,0,0,0,2,1,1,1,1,5
35.93763527938354,62,12147.736466739292,0.06740194860513918,97,1,1,1,1,1,1
90909.0902,254,0,0,0,23,3,7,7,23,3
21.037823,254,3666.069336,0.096262,56,2,1,2,1,2,4
0.21777964989842247,254,0,0,0,4,1,2,3,2,1
24.634375911387554,254,2942.9867842701,0.1553546678217158,45,1,1,1,1,1,1
58.764300481345174,62,16681.232136546016,0.05568808759884891,101,2,1,2,1,2,1
21.673410844380292,62,41501.78788369802,0.09614913861868318,468,1,1,4,2,1,1
111111.1072,254,0,0,0,6,3,6,12,6,0
23.91908415948196,254,6515.966788015201,0.10938403965722879,92,6,1,1,1,4,2
1164.8422248348797,31,3317537.7347302595,0.0001263923178712565,711,6,1,1,1,7,4
100000.0025,254,0,0,0,3,3,3,3,3,3
2622.377669,31,622377.625,0,89,3,1,1,2,4,4
12.138886,254,1770.849243,0.118468,44,1,1,1,1,1,5
250000.0006,254,0,0,0,11,2,2,2,11,0
1206.727542946841,31,3632575.644551159,0.00013258171151647776,986,16,1,1,9,7,4
90909.0902,254,0,0,0,8,1,2,2,8,2
12.613829,62,3558.781738,0.066411,76,3,1,1,1,2,1
31.73425705098207,62,13140.475404897612,0.04713646075039983,117,1,1,1,1,1,1
25.880988,254,3091.915283,0.0374,45,5,1,2,3,2,2
250000.0006,254,0,0,0,2,1,1,1,2,5
34.651062,254,9702.297852,0.040532,82,7,1,2,2,7,2
58.12261118385416,254,228162.23886316086,0.10298036311094534,998,1,1,1,1,1,2
333333.3215,254,0,0,0,5,2,5,10,5,1
18.293202,254,2668.655273,0.102984,44,1,1,1,1,1,5
153.168853,62,11662.18652,0.058454,58,1,1,1,1,1,1
22.100424,254,2640.263916,0.092907,45,3,1,1,2,1,5
166666.6608,254,0,0,0,10,4,4,7,9,0
111111.1072,254,0,0,0,10,4,6,12,9,0
125000.0003,254,0,0,0,3,1,1,1,3,5
15.60608192223587,254,2002.7566038057278,0.08465553504996835,44,5,1,1,1,2,2
250000.0006,254,0,0,0,17,4,7,7,17,3
125000.0003,254,0,0,0,2,1,2,19,2,0
333333.3215,254,0,0,0,30,13,30,13,30,3
28.43408,254,3396.924805,0.082947,45,5,1,3,1,3,4
125000.0003,254,0,0,0,4,1,4,11,4,0
100000.0025,254,0,0,0,2,1,1,1,1,5
90909.0902,254,0,0,0,11,4,7,8,11,3
111111.1072,254,0,0,0,32,13,32,32,32,3
166666.6608,254,0,0,0,8,3,5,5,8,0
10.132862,254,4020.719727,0,248,1,1,1,2,1,5
333333.3215,254,0,0,0,4,2,4,3,4,1
68.85672330594917,148,49534.334554308385,0.02797178738961602,236,1,1,1,1,1,0
250000.0006,254,0,0,0,11,4,4,4,11,3
26.14954,254,3814.756592,0.033404,44,1,1,1,1,1,5
25.846393,254,3770.532715,0.060617,44,2,1,1,1,1,5
111111.1072,254,0,0,0,9,1,8,2,9,4
11.00617,254,2465.38208,0,45,4,1,1,2,1,0
142857.1409,254,0,0,0,10,5,5,8,10,2
20.128419,254,2404.675049,0.103327,45,3,1,1,1,1,5
71.82150573891549,254,12354.322612669437,0.021806970725633493,72,6,1,4,2,6,2
250000.0006,254,0,0,0,14,5,5,11,14,1
200000.0051,254,0,0,0,5,1,1,1,5,2
90909.0902,254,0,0,0,12,6,6,6,12,0
200000.0051,254,0,0,0,4,1,4,15,4,5
0,0,0,0,0,9,6,6,6,8,0
333333.3215,254,0,0,0,4,2,4,4,4,0
21.381363569564858,254,5570.555618487609,0.11018314933248657,85,2,1,1,1,4,2
29.234641089121304,254,2426.849826328373,0.10012323940039276,44,2,1,1,2,2,4
333333.3215,254,0,0,0,15,1,11,12,15,2
250000.0006,254,0,0,0,4,1,1,2,2,5
333333.3215,254,0,0,0,27,18,27,18,27,3
28.732432640476876,190,223324.557942992,0.12349100125428389,1268,3,1,3,2,3,3
0,0,0,0,0,2,2,2,2,2,4
19.586370547486943,254,2339.918508674729,0.09567287898542635,45,2,1,1,1,2,2
21.700656,254,0,0,0,1,1,1,1,1,0
112.82220012117489,62,370259.61794191453,0.045895318180834865,726,1,1,1,1,1,1
27.284778,254,3980.367676,0.044105,44,1,1,1,1,1,5
8.43659445032258,254,2949.884181158462,0.004511769267730154,217,1,1,1,1,1,0
29.210848,62,1435.504517,0.043934,43,7,1,6,1,6,4
48.21826144518627,62,10784.267428701382,0.02419001351505579,82,1,1,1,1,1,1
1000000.003,254,0,0,0,43,18,43,42,43,3
333333.3215,254,0,0,0,1,1,1,1,1,5
250000.0006,254,0,0,0,43,24,43,24,43,3
90909.0902,254,0,0,0,4,1,1,2,1,5
333333.3215,254,0,0,0,34,25,34,25,34,3
200000.0051,254,0,0,0,14,4,4,4,14,0
31.858115,254,4647.536621,0.051255,44,2,1,1,1,1,5
111111.1072,254,0,0,0,22,13,22,13,22,3
3076.92316,31,730256.4375,0,89,1,1,1,4,3,4
76923.07779,254,0,0,0,35,1,14,14,34,2
111111.1072,254,0,0,0,36,11,36,11,36,3
35.78079960787045,254,7944.34538389288,0.05954683366502941,63,3,1,3,2,3,4
11.3038,254,1649.025024,0.052242,44,1,1,1,1,2,5
39.295727,254,5732.553223,0.050474,44,1,1,1,1,1,1
8066.999406423635,31,14022876.237906577,0.00013880362498241454,429,10,1,1,3,4,4
469.797214,31,1373221.625,0.000142,724,9,1,4,7,10,4
48.71939916969917,254,8100.757940721518,0.07142114554224549,69,8,1,3,3,8,2
500000.0013,254,0,0,0,7,1,7,1,7,0
250000.0006,254,0,0,0,4,3,4,3,4,0
4331.969048444388,31,1548876.7498799786,0.00013047780150019184,92,2,1,1,7,3,4
41.90142692806776,254,5246.189064289022,0.0657403440384941,50,5,1,2,1,4,2
111111.1072,254,0,0,0,8,4,8,13,8,0
100000.0025,254,0,0,0,11,4,4,8,11,2
111111.1072,254,0,0,0,30,1,12,12,30,2
34.706468569320826,62,26400.04109394954,0.05525747138711643,231,1,1,1,2,1,1
39.362889,254,2750.153809,0.132918,44,3,1,2,2,3,2
111111.1072,254,0,0,0,6,3,6,20,6,0
2210.0347371643156,31,804131.4762780264,0.00020837263025512838,89,8,1,6,9,9,4
17.03266,254,2034.835205,0.0564,45,6,1,4,1,4,4
111111.1072,254,0,0,0,1,1,1,1,1,5
90909.0902,254,0,0,0,15,6,6,11,15,1
250000.0006,254,0,0,0,21,4,6,6,16,2
26.356629,254,3844.967041,0.045487,44,2,1,1,1,1,5
111111.1072,254,0,0,0,32,13,32,13,32,3
166666.6608,254,0,0,0,2,1,1,2,1,5
250000.0006,254,0,0,0,13,2,2,2,13,2
12.216424465307853,62,3314.206152331594,0.0808196304035234,74,1,1,1,1,1,1
111111.1072,254,0,0,0,7,2,7,3,7,1
34.406827,254,4110.46875,0.064989,45,7,1,6,3,6,2
31.47042838015247,62,50207.05846647073,0.044031514937144176,387,1,1,1,2,1,1
16.946914472767606,254,4713.668364636723,0.10851212790609052,84,2,1,1,2,1,2
111111.1072,254,0,0,0,27,17,27,24,27,3
125000.0003,254,0,0,0,34,13,34,27,34,3
333333.3215,254,0,0,0,5,2,5,2,5,0
125000.0003,254,0,0,0,26,17,26,18,26,3
125000.0003,254,0,0,0,10,10,12,11,10,3
17.361749,254,2532.772949,0.029152,44,1,1,1,1,1,5
133.10656126297718,253,11383.710514453172,0.04449799533626301,45,2,1,1,1,1,0
500000.0013,254,0,0,0,13,4,4,4,13,3
16.662797,254,1990.648804,0.075576,45,1,1,1,1,1,5
19.71079353658253,254,2443.6539824312763,0.07489888976234145,45,3,1,2,1,3,4
125000.0003,254,0,0,0,25,25,25,26,25,3
28.042109,254,0,0,0,1,1,1,1,1,1
90909.0902,254,0,0,0,11,4,4,8,11,1
111111.1072,254,0,0,0,22,22,22,22,22,3
125000.0003,254,0,0,0,40,17,40,17,40,3
16.031676244001765,254,2338.7386912041948,0.06387406312106543,44,2,1,1,1,1,1
3359.618081,31,10060862,0.000159,743,8,1,1,3,4,4
35.33498237170365,254,34787.3549380537,0,83,6,1,1,1,5,2
83333.33039,254,0,0,0,15,2,4,4,15,3
125000.0003,254,0,0,0,1,1,1,2,1,5
24.733491460397495,254,3276.758504211399,0.07107991775004965,44,5,1,1,1,4,2
19.477544,254,2841.429932,0.060434,44,1,1,1,1,1,5
111111.1072,254,0,0,0,7,3,7,3,7,0
2041.9873474558508,31,633851.0163823147,8.851959438458998e-05,88,7,1,4,7,6,4
111111.1072,254,0,0,0,1,1,2,1,1,5
125000.0003,254,0,0,0,26,17,26,18,26,3
1305.7018121157878,31,456904.4524948273,0.00014446420143160717,82,3,1,2,9,3,4
125000.0003,254,0,0,0,5,2,5,11,5,0
8.108424283702963,254,1060.236990355524,0.1162849054783526,44,7,1,1,2,4,2
200000.0051,254,0,0,0,4,1,1,1,4,2
22.477051,254,3279.005127,0.015805,44,6,1,8,2,6,5
21.081569,254,2518.544922,0.063852,45,5,1,5,1,5,2
26.453628,254,3859.117432,0.051631,44,1,1,1,1,1,5
13.778955,254,7263.040039,0.153356,141,1,1,1,1,1,0
14.05214333009055,254,2606.676886156158,0.06430042635190267,58,3,1,1,1,1,4
75.23743610203684,62,582827.7085031971,0.06528776760236625,1201,1,1,1,14,1,1
200000.0051,254,0,0,0,10,1,7,2,7,4
22.509192,254,3283.693848,0.046832,44,5,1,1,2,2,2
111111.1072,254,0,0,0,6,2,6,10,6,0
2643.257918429941,31,3643801.722881523,0.00014259063772718362,1056,12,1,1,8,8,4
90909.0902,254,0,0,0,4,1,1,1,2,5
17.109328,254,2495.948975,0.07114,44,4,1,1,3,2,1
10.634338,254,3005.9729,0.155612,82,1,1,1,1,1,4
111111.1072,254,0,0,0,30,17,30,18,30,3
25.512732,254,3721.857422,0.046152,44,1,1,1,1,1,5
30.447943,254,4441.817383,0.058514,44,1,1,1,1,1,1
250000.0006,254,0,0,0,21,6,6,6,16,2
17.247396,62,4983.293945,0.065105,74,9,1,2,4,2,1
200000.0051,254,0,0,0,39,15,39,34,39,3
11.916074747558525,62,585.5899492179524,0.48057148404114924,43,7,1,7,2,7,4
38.508128044803485,254,0,0,0,1,1,1,1,1,0
166666.6608,254,0,0,0,10,10,10,10,10,0
30.343168381311916,254,4031.6460137912763,0.05503191869316036,44,2,1,2,9,2,4
166666.6608,254,0,0,0,4,2,4,10,4,0
24.695434,62,37994.57422,0.073806,406,2,1,1,1,1,1
4212.305130796522,31,2954298.6514974074,0.0001334336745121657,518,6,1,1,2,8,4
37.79495575268542,62,77937.29784358213,0.025959344846739164,503,1,1,2,2,1,1
24.98759,254,2985.184082,0.060842,45,5,1,5,1,5,2
111111.1072,254,0,0,0,6,2,6,10,6,5
27.053434,254,3946.618652,0.048935,44,1,1,1,1,1,5
18.149566,254,4646.289062,0.04494,87,4,1,1,1,5,2
82.56293957917624,254,10621.100108433304,0.05923249103072203,48,1,1,1,1,1,1
21.808668444703464,62,5515.05971376411,0.062038534744396474,77,1,1,1,1,1,1
1000000.003,254,0,0,0,35,14,35,36,35,3
19.00254405022831,254,2341.3872816914504,0.06406613324955193,44,2,1,2,1,3,2
25.86157,254,3772.746826,0.036692,44,4,1,4,2,7,4
8.083479,254,1179.236816,0.136855,44,5,1,1,3,4,5
1000000.003,254,0,0,0,4,1,2,3,4,5
333333.3215,254,0,0,0,5,3,5,3,5,1
250000.0006,254,0,0,0,44,19,43,36,43,3
0,0,0,0,0,1,1,1,1,1,4
142857.1409,254,0,0,0,14,5,5,9,14,1
6.550782,254,1083.062622,0,44,6,1,1,2,2,5
90909.0902,254,0,0,0,13,3,5,6,13,3
17400.60485994437,254,0,0,0,9,4,4,5,9,2
250000.0006,254,0,0,0,14,2,2,2,14,3
125000.0003,254,0,0,0,8,4,8,13,8,0
2844.186409462789,31,675020.2255650219,0,89,2,1,1,2,3,4
83333.33039,254,0,0,0,2,1,1,1,1,5
125000.0003,254,0,0,0,4,2,4,17,4,1
1877.987641,31,707033.875,0.000161,91,10,1,7,9,18,4
125000.0003,254,0,0,0,6,2,6,11,6,0
125000.0003,254,0,0,0,5,2,5,2,5,1
50.302023589030405,254,5047.844519772936,0.05715954237975206,44,1,1,1,1,1,0
88.17473,254,9294.654297,0.043831,45,1,1,1,1,1,1
125000.0003,254,0,0,0,3,1,3,11,3,0
142857.1409,254,0,0,0,30,14,30,14,30,3
111111.1072,254,0,0,0,6,1,6,1,6,1
111111.1072,254,0,0,0,25,25,25,26,25,3
200000.0051,254,0,0,0,6,1,6,1,6,1
333333.3215,254,0,0,0,5,3,5,3,5,5
218.5356231168435,31,285953.4299484424,0.00014021693009181523,393,3,1,1,3,3,4
231.195237824197,62,2133116.009745141,0.04505318611762041,1328,1,1,1,1,1,0
90909.0902,254,0,0,0,6,3,3,3,6,3
37.3602476585507,254,6805.094548954245,0.057182689942345884,58,2,1,1,1,3,1
21.706349,62,11001.28809,0.128508,154,4,1,4,2,4,4
17.688334215200438,254,2355.5797914611885,0.06490215828251568,44,2,1,2,1,1,1
16.064414739146574,254,2724.2525729124422,0.09535027248017594,50,2,1,1,1,1,2
250000.0006,254,0,0,0,5,1,1,3,1,5
125000.0003,254,0,0,0,40,16,40,16,40,3
57.910266312763135,254,7802.605344405162,0.0471750066488187,48,1,1,1,1,1,1
18.526489438788353,254,2702.6878865781437,0.0460184023774487,44,3,1,2,1,4,2
333333.3215,254,0,0,0,6,2,7,10,6,1
200000.0051,254,0,0,0,7,4,4,4,7,3
90909.0902,254,0,0,0,23,4,7,7,23,3
1000000.003,254,0,0,0,33,25,33,26,33,3
142857.1409,254,0,0,0,9,4,9,13,9,1
111111.1072,254,0,0,0,1,1,1,2,1,5
248.069924,31,121017.9531,0.000135,120,4,1,1,1,2,4
142857.1409,254,0,0,0,18,1,6,6,17,2
26.977874,254,3935.595703,0.046226,44,1,1,1,1,1,5
62500.00016,254,0,0,0,2,1,1,2,1,1
125000.0003,254,0,0,0,38,22,38,23,38,3
125000.0003,254,0,0,0,1,1,3,2,1,0
250000.0006,254,0,0,0,11,4,5,8,11,1
17.28825921392345,62,7316.562536035669,0.042929547904806464,143,1,1,1,1,1,1
83333.33039,254,0,0,0,21,2,2,3,16,2
90909.0902,254,0,0,0,30,1,30,9,30,4
137.80116169627954,218,23643.4743527605,0.010340564835631599,73,2,1,1,1,1,1
749.3408253153248,31,2694769.025223714,0.00013601246712807458,940,17,1,1,1,9,4
30.242363,254,3612.954346,0.018061,45,1,1,1,1,1,5
100000.0025,254,0,0,0,12,2,4,4,12,5
166666.6608,254,0,0,0,1,1,1,1,1,4
107.92282401461465,62,14859.971975413187,0.024665024920612653,70,1,1,1,1,1,1
333333.3215,254,0,0,0,5,2,5,12,5,0
250000.0006,254,0,0,0,3,1,1,1,5,2
57.54873,254,15992.48926,0.04593,94,8,1,2,2,8,2
33.241292,254,3971.226318,0.049331,45,5,1,1,1,4,2
125000.0003,254,0,0,0,8,2,8,7,8,1
142857.1409,254,0,0,0,2,1,1,1,1,5
111111.1072,254,0,0,0,1,1,63,1,1,5
125000.0003,254,0,0,0,12,4,5,11,11,0
17.127444408598418,254,2473.0726969290713,0.04366693937841513,44,4,1,4,1,4,4
90909.0902,254,0,0,0,7,3,3,4,7,3
142857.1409,254,0,0,0,11,3,7,7,11,3
10.094741,254,2895.748779,0.090704,84,2,1,1,1,2,2
100000.0025,254,0,0,0,11,2,2,4,11,0
67498.85479698193,254,0,0,0,1,1,1,1,1,0
17.010544,254,2032.192993,0.071504,45,4,1,1,2,1,4
100000.0025,254,0,0,0,6,1,20,2,4,4
17.328656,254,2527.945068,0.119573,44,1,1,1,1,2,5
333333.3215,254,0,0,0,1,1,1,1,2,5
0.319789,254,0,0,0,49,2,48,23,48,4
0.5955832757251617,254,0,0,0,46,2,45,25,45,4
18.690443135513373,254,2726.6057968487835,0.07580404809822522,44,5,2,2,2,3,2
23.920945065449807,254,5010.753630100592,0.05944402549198162,57,2,1,1,1,2,2
90909.0902,254,0,0,0,1,1,1,1,5,5
333333.3215,254,0,0,0,3,1,3,1,3,0
7.737148,254,1128.713379,0.041246,44,1,1,1,2,1,2
2.9553642628410985,254,0,0,0,1,1,1,2,1,0
250000.0006,254,0,0,0,5,2,5,4,5,0
333333.3215,254,0,0,0,9,9,9,9,9,3
200000.0051,254,0,0,0,6,2,6,2,6,0
85.177427,254,10175.86328,0.043795,45,2,1,1,1,1,5
1000000.003,254,0,0,0,11,2,4,5,11,3
1522.7420472361503,31,407224.71962228627,0,78,13,1,2,8,4,4
17.397261,62,4699.307129,0.060497,82,1,1,1,2,1,1
250000.0006,254,0,0,0,3,3,3,3,3,3
111111.1072,254,0,0,0,7,2,7,11,7,1
27.25216861480982,31,67611.41889303565,0.00014878666190801856,565,1,1,1,8,2,4
34.50792426051586,254,7095.654144838987,0.02154345226043388,57,3,1,1,1,3,2
14.988446,254,2186.549805,0.087164,44,4,1,1,2,2,5
250000.0006,254,0,0,0,13,2,2,2,13,2
111111.1072,254,0,0,0,42,17,42,17,42,3
23.446826,254,4085.864258,0.088659,56,1,1,1,23,1,4
33.302391552395,31,13952.598776734443,0.0008923033897444332,103,4,1,1,1,9,4
44.643521,62,191945.7031,0.024363,790,1,1,1,1,1,1
142857.1409,254,0,0,0,4,1,1,1,3,5
25.62649907430379,254,7343.660300793622,0.05431069356611292,91,5,1,1,1,4,2
90909.0902,254,0,0,0,16,1,4,4,16,2
333333.3215,254,0,0,0,31,18,31,31,31,3
25.33145897138211,254,4819.278082128538,0.04789746952292873,76,3,1,1,2,3,4
111111.1072,254,0,0,0,3,1,3,1,3,1
90909.0902,254,0,0,0,9,1,1,2,1,5
19.70998999423319,254,2354.6867825024365,0.07250104391748284,45,8,1,6,2,8,4
10.640176,254,1271.146362,0.091714,45,1,1,1,1,1,0
111111.1072,254,0,0,0,8,4,8,13,8,0
18.849181906520418,254,2749.7630154331855,0.07145689312636291,44,5,1,4,2,4,4
39.572325,62,219283.4531,0.086753,984,1,1,1,1,1,1
17.12034387995131,254,2045.3104397458942,0.05628886296238714,45,4,1,3,5,3,4
111111.1072,254,0,0,0,32,25,32,25,32,3
125000.0003,254,0,0,0,42,12,42,29,42,3
79.476517,254,9494.794922,0.043549,45,1,1,1,1,1,5
142857.1409,254,0,0,0,10,2,2,5,9,1
2898.23727106942,31,6636475.551646579,0.000238133880250887,661,5,1,1,3,5,4
250000.0006,254,0,0,0,10,3,7,7,10,3
90909.0902,254,0,0,0,10,4,4,4,10,0
142857.1409,254,0,0,0,5,1,1,2,1,5
90909.0902,254,0,0,0,3,1,1,2,2,5
29.214726134077157,254,4077.73719107955,0.03314397395120194,44,3,1,3,1,3,4
307.529518,31,161675.9844,0.000142,132,8,1,1,3,9,4
1.2505603047751659,254,296.41636032679065,0.07978741983533315,76,5,2,3,3,4,2
446.532992,31,63109.99609,0.000154,53,3,1,3,5,3,4
500000.0013,254,0,0,0,34,18,34,18,34,3
7201.6551739524775,31,2625842.9719984317,0.0001491704148259337,120,5,1,1,3,5,4
142857.1409,254,0,0,0,3,3,3,3,3,3
111111.1072,254,0,0,0,3,1,3,2,3,4
23.153251,254,5041.368652,0.05398,57,2,1,1,1,2,2
1000000.003,254,0,0,0,1,1,1,1,1,5
25.760453685396108,254,3218.377220897824,0.10081187351985454,46,7,1,1,1,7,2
63.055912,62,29346.96289,0.051397,141,2,1,1,1,1,3
30.76606816478986,31,76252.21246609336,0.00015520261601334505,565,2,1,1,2,1,4
30.669834651210795,31,76013.69696879374,0.0001867390151370714,565,4,1,1,2,2,4
111111.1072,254,0,0,0,1,1,1,9,1,5
24.14621439777208,62,22614.48945630426,0.06161138825465355,300,1,1,1,1,1,1
19.296662602553248,254,2305.3079352522577,0.06272069989302329,45,5,1,3,1,3,4
166666.6608,254,0,0,0,4,2,4,11,4,0
500000.0013,254,0,0,0,15,3,3,8,14,0
3.2557332545021755,254,0,0,0,2,2,2,2,2,0
37.43037850240536,254,4923.569813651464,0.06988078355509308,62,6,1,1,2,4,2
125000.0003,254,0,0,0,4,1,4,1,4,0
44.991187061735104,254,3885.121224931752,0.04025587039786287,44,5,1,4,1,4,4
20.037085813076132,254,2956.6488935352445,0.1349800505209471,95,1,1,1,1,1,1
83333.33039,254,0,0,0,20,2,2,3,16,0
49.79334961517789,62,225653.5432409968,0.05612499663236871,943,1,1,1,1,1,1
166666.6608,254,0,0,0,9,3,10,12,9,0
111111.1072,254,0,0,0,27,15,27,27,27,3
90909.0902,254,0,0,0,20,6,11,12,20,3
42.81992749578522,179,5031.276234639847,0.08137736620857704,53,2,1,1,6,1,0
250000.0006,254,0,0,0,18,4,7,8,18,3
64.02909245404629,254,4871.311072265873,0.10255739147343979,44,4,1,1,1,1,1
125000.0003,254,0,0,0,5,3,5,3,5,5
100000.0025,254,0,0,0,10,3,7,7,10,3
48.673643,62,16496.80273,0.047659,91,1,1,1,1,1,1
203.016233,62,1762124.5,0.044915,1283,2,1,1,1,1,0
1813.9543533880992,31,659769.5955703967,0.00012033874595879495,90,11,1,5,16,8,4
125000.0003,254,0,0,0,9,5,9,15,9,0
250000.0006,254,0,0,0,10,3,3,6,10,0
40.261317,254,11425.73828,0.057175,96,5,1,1,1,5,2
18.796962223407384,254,2482.368949342717,0.11422410656233953,52,4,1,1,2,2,0
88.567142732825,254,6308.880175483689,0.042024712810870946,44,1,1,1,1,2,2
111111.1072,254,0,0,0,4,3,4,18,4,0
111111.1072,254,0,0,0,1,1,1,1,1,5
22.43764675109847,254,14023.879486154348,0.10175494637272672,169,1,1,1,1,1,0
36.644168,254,8979.75,0.05901,65,3,1,3,2,3,4
16.81919681191096,62,3303.05283455685,0.09050822388283558,63,1,1,1,1,1,1
110.92618034461793,125,9512.332670110782,0.042565653888387914,52,1,1,1,1,1,1
2885.4562612139007,31,684814.953670297,0,89,3,1,1,4,3,4
11.366961497784805,125,716.5356897227316,0.1009867398625688,43,5,1,4,2,5,4
5.504923,62,270.527649,0.132301,43,2,1,2,1,2,4
125000.0003,254,0,0,0,2,2,2,2,2,0
498.9247288023437,31,3640291.878779363,0.00013873701121071034,1427,13,1,1,5,8,4
250000.0006,254,0,0,0,9,4,4,6,9,3
90909.0902,254,0,0,0,25,1,25,7,25,4
21.28679102373823,62,5732.910781131948,0.061796926397883215,72,1,1,2,2,1,1
333333.3215,254,0,0,0,11,4,5,8,11,2
30.575140334952444,254,3188.9108825423314,0.07761237557111929,44,4,1,1,1,4,2
0.970374,254,123.206184,0.029586,45,4,3,3,3,5,2
55.70619169830837,254,3342.152847279241,0.09406187343455333,43,6,1,2,3,4,2
1.297752362094491,254,0,0,0,1,1,1,1,1,1
47.119286,254,5629.184082,0.040359,45,1,1,1,3,1,5
333333.3215,254,0,0,0,14,3,3,3,14,3
83333.33039,254,0,0,0,30,1,8,8,30,2
14.020879653965096,254,1607.1471562620716,0.06401032701643944,44,6,1,4,2,6,4
111111.1072,254,0,0,0,4,1,4,2,4,4
20.989603,62,11262.71387,0.061982,145,2,1,1,2,1,0
250000.0006,254,0,0,0,10,3,7,7,10,3
250000.0006,254,0,0,0,7,4,4,4,7,3
11.390699654801457,62,559.7714872057498,0.20447512754356198,43,1,1,1,2,1,4
125000.0003,254,0,0,0,5,2,6,2,5,0
83333.33039,254,0,0,0,2,1,1,1,1,5
39.458758939238045,254,2756.8519466304224,0.1056145618711895,44,2,1,2,2,2,2
200000.0051,254,0,0,0,23,21,23,21,23,3
9.64745,62,4759.408691,0,185,19,2,2,13,2,1
125000.0003,254,0,0,0,5,2,5,4,5,0
83333.33039,254,0,0,0,2,1,1,6,1,5
37.0747622353996,254,5108.565754932899,0.04052072761262731,44,8,1,1,2,7,2
37.663019,62,11243.78906,0.026369,73,4,1,2,2,2,1
31.187949,254,3725.920166,0.124143,45,6,1,2,2,6,2
333333.3215,254,0,0,0,43,17,43,41,43,3
333333.3215,254,0,0,0,3,2,3,11,3,5
125000.0003,254,0,0,0,22,18,22,18,22,3
148.21979383746705,62,1195955.8226621058,0.05463145624624044,1263,1,1,1,1,1,3
69.17639135456423,62,60804.686232252825,0.045116707482061674,267,1,1,1,1,1,0
4.923995,254,145.44722,0.101419,48,2,1,1,1,1,5
125000.0003,254,0,0,0,25,18,25,18,25,3
27.837886912022896,254,3325.6995571973607,0.06473316988067389,45,8,2,3,3,6,2
56.18147681243445,254,15218.666376561678,0.025680766899832636,92,9,1,2,2,8,2
15.986540738332558,254,2740.703807476747,0.09529767327152038,53,9,1,1,3,5,2
500000.0013,254,0,0,0,6,3,3,4,5,3
35.48510583825747,62,17504.091288512787,0.06246932350757936,152,6,3,6,5,6,1
44.34957,254,5298.29541,0.051058,45,1,1,1,2,1,1
58.28675171903541,254,46070.59966170737,0.045339817885036104,239,1,1,1,1,1,0
100000.0025,254,0,0,0,8,2,2,5,7,0
333333.3215,254,0,0,0,7,3,7,3,7,0
111111.1072,254,0,0,0,1,1,1,2,1,5
10.195477001809465,254,1393.1552049104282,0.08136505465532996,44,4,1,1,2,2,2
0.6302236357243761,254,0,0,0,6,2,5,11,6,2
90909.0902,254,0,0,0,5,1,2,3,5,2
90909.0902,254,0,0,0,22,5,5,7,17,1
111111.1072,254,0,0,0,7,4,7,15,7,0
125000.0003,254,0,0,0,25,25,25,25,25,3
333333.3215,254,0,0,0,13,1,13,3,13,4
17.169879,254,2504.782471,0.022226,44,5,1,2,2,5,5
200000.0051,254,0,0,0,5,1,5,1,5,1
500000.0013,254,0,0,0,4,1,1,2,5,5
34.76585907607389,62,209581.90096389718,0.0859193416271961,1035,1,1,1,1,1,1
90.64124563157631,62,552001.9245179303,0.05464034361133026,1044,1,1,1,4,1,1
24.323885,254,2234.193848,0.096608,44,3,1,3,1,3,4
100000.0025,254,0,0,0,10,2,2,2,10,2
19.446703973444205,254,4523.683738956903,0.052667065556188254,64,2,1,1,1,1,2
25.505343908342486,254,4803.534618491226,0.07476225424614558,65,5,1,2,2,4,2
83333.33039,254,0,0,0,1,1,1,1,1,5
37.639888311698954,66,8679.666960771792,0.04574486845380995,75,1,1,1,1,1,1
32.47766392322725,254,6441.7917798270155,0.06238461172084079,83,3,1,2,1,3,2
90909.0902,254,0,0,0,10,4,5,12,10,0
26.971027,254,3934.596924,0.044327,44,1,1,1,1,2,5
125000.0003,254,0,0,0,7,2,7,2,7,0
13.443645,254,1961.190552,0.088481,44,3,1,1,1,6,5
111111.1072,254,0,0,0,1,1,1,1,1,5
90909.0902,254,0,0,0,12,6,6,6,12,0
25.010863427105082,62,41625.204240559986,0.11614309606217522,402,1,1,1,1,1,1
42.97181949589366,254,5133.699925554353,0.06236146101104491,45,7,1,1,1,6,2
500000.0013,254,0,0,0,3,1,1,1,3,2
125000.0003,254,0,0,0,26,17,26,18,26,3
10.053822738075885,62,494.0735971241909,0.19371962353570146,43,2,1,2,1,2,4
1000000.003,254,0,0,0,1,1,1,1,1,5
125000.0003,254,0,0,0,12,12,12,12,12,3
28.859297996167466,31,76459.22411304203,0.00014889477858637118,565,1,1,1,5,2,4
125000.0003,254,0,0,0,25,25,25,26,25,3
1.320447,254,293.981995,0.022915,57,4,2,2,2,4,2
333333.3215,254,0,0,0,26,4,26,4,26,3
125000.0003,254,0,0,0,37,23,38,25,37,3
17.937711976235633,254,4637.813526689031,0.06544918278247813,87,3,1,1,1,4,2
125000.0003,254,0,0,0,3,1,3,9,3,0
34.672791,62,19645.19531,0.03298,172,1,1,1,1,1,1
2907.5609623930177,31,628033.185775122,0,81,7,1,1,2,8,4
0.807682,254,0,0,0,6,2,2,2,2,5
200000.0051,254,0,0,0,5,2,5,2,5,1
22.337229002816738,254,2668.554208848149,0.08091779642326978,45,3,1,2,1,3,2
111111.1072,254,0,0,0,7,2,7,11,7,1
333333.3215,254,0,0,0,42,22,42,42,42,3
250000.0006,254,0,0,0,6,1,5,5,5,2
12.935794,254,1887.104004,0.028979,44,2,1,1,1,1,5
84.6536543518748,254,9367.425011297732,0.046735769659829514,45,1,1,1,1,1,1
250000.0006,254,0,0,0,9,1,2,2,5,5
100000.0025,254,0,0,0,10,2,2,2,10,2
40.2816295207956,62,253729.58382685808,0.1433039652119678,1126,1,1,1,1,1,3
200000.0051,254,0,0,0,5,2,5,2,5,0
13.090898039242685,254,3112.851925052583,0.09923798646376066,82,2,1,1,1,2,2
7.863113,254,2162.730469,0.172332,80,1,1,1,2,1,2
2102.885881807668,31,857214.5860379097,0.0001428136546005077,435,8,1,3,7,6,4
125000.0003,254,0,0,0,33,25,35,26,33,3
333333.3215,254,0,0,0,10,4,4,8,10,2
65.171607,31,7326.660645,0.000126,53,3,1,3,7,3,4
26.70301883454236,254,3736.9379156582936,0.06946579342461252,44,1,1,1,1,1,1
111111.1072,254,0,0,0,5,1,5,1,5,0
90909.0902,254,0,0,0,17,4,7,11,17,3
31.722670080881528,107,23096.047482299327,0.05209559152255878,202,4,1,4,1,5,1
125000.0003,254,0,0,0,20,20,21,20,20,3
70.584138,254,3876.289795,0.068144,43,4,1,2,2,2,4
125000.0003,254,0,0,0,8,6,8,23,8,0
100000.0025,254,0,0,0,12,1,2,5,6,2
15.910469846825029,62,22036.610121394537,0.09154793983648697,370,1,1,1,1,1,1
111111.1072,254,0,0,0,4,2,4,3,4,5
69.56148,62,256982.0781,0.045982,752,1,1,1,2,1,1
333333.3215,254,0,0,0,4,1,4,2,4,0
27.722280994198254,254,5632.289303999203,0.05800851258663567,57,2,1,2,1,2,4
26.614314,254,3882.558838,0.044291,44,2,1,2,1,2,5
17.249962,62,847.712463,0.11275,43,6,1,6,2,6,4
171.19169510028507,62,1529613.1123696596,0.06116843376768431,1313,1,1,1,1,1,0
79.67712120131745,254,10628.053314695511,0.055204359821383775,50,1,1,1,1,1,1
48.424132104125334,50,17722.6909819614,0.03521906954016861,114,3,1,2,2,2,4
125000.0003,254,0,0,0,4,1,4,3,4,0
250000.0006,254,0,0,0,1,1,1,18,1,5
142857.1409,254,0,0,0,1,1,1,1,1,5
125000.0003,254,0,0,0,8,6,8,23,8,0
166666.6608,254,0,0,0,1,1,8,8,2,5
125000.0003,254,0,0,0,4,1,1,1,4,2
166666.6608,254,0,0,0,3,1,2,1,3,0
23.412996533925376,254,2797.0727252585684,0.07184968304676564,45,1,1,1,1,1,1
38.904793660127574,254,4647.825915663032,0.027251435286367063,45,1,1,1,1,1,1
125000.0003,254,0,0,0,4,3,4,18,4,0
100000.0025,254,0,0,0,5,1,1,1,4,2
166666.6608,254,0,0,0,10,4,4,11,9,2
250000.0006,254,0,0,0,10,3,3,6,9,2
2.766292,254,2569.226807,0.061982,348,1,1,1,1,1,1
1021.618086,31,3887442,0.000177,946,3,1,1,1,6,4
90909.0902,254,0,0,0,18,4,4,4,18,3
200000.0051,254,0,0,0,10,3,3,3,10,3
5.027207,254,148.495956,0.085747,48,1,1,1,1,1,5
125000.0003,254,0,0,0,15,4,4,10,13,0
166666.6608,254,0,0,0,4,2,4,11,4,0
62.49923478799049,254,6031.284472279196,0.06241152358509611,45,1,1,1,1,1,1
72322.73220346295,254,0,0,0,6,1,1,2,1,1
200000.0051,254,0,0,0,27,11,27,23,27,3
200000.0051,254,0,0,0,5,2,5,2,5,1
34.618446,254,4135.750488,0.058174,45,1,1,1,1,1,5
24.19880071446977,254,3395.051037354133,0.04352829266355296,44,4,1,1,1,5,2
27.918879877915277,31,69941.4087350355,0.00012583215471006622,565,3,1,1,3,1,4
142857.1409,254,0,0,0,4,1,1,3,2,5
333333.3215,254,0,0,0,9,4,9,13,9,0
125000.0003,254,0,0,0,2,2,2,2,2,0
76923.07779,254,0,0,0,7,1,1,2,5,2
65.73310410874517,254,7852.914962287048,0.03617454973596864,45,11,1,2,2,11,2
3847.26335291576,31,1002486.9030225658,0,76,10,1,3,6,11,4
61.89908551327528,254,8160.556774729177,0.04553529539008366,48,7,1,7,2,7,4
0.941424,254,0,0,0,1,1,2,3,1,0
111111.1072,254,0,0,0,1,1,1,1,1,5
333333.3215,254,0,0,0,5,2,5,2,5,0
111111.1072,254,0,0,0,21,18,21,18,21,3
1.146183,254,0,0,0,1,1,1,2,1,0
1590.4849193613643,31,1191068.2021041,0.00014216486704680335,398,6,1,2,9,5,4
50.19356053314397,227,17740.733915808243,0.05629346785747317,126,1,1,1,2,1,0
12.02703361940474,254,4056.851078268939,0.019884101629167903,197,1,1,1,1,1,1
19.305930000613955,62,5411.372608120423,0.05461243473736735,74,1,1,1,2,1,1
35.48363461243545,254,7672.08264695716,0.04789200327771633,80,5,1,4,1,4,2
333333.3215,254,0,0,0,1,1,1,1,1,5
15.020986,254,3965.540283,0.089964,90,2,1,1,1,4,2
35.4786471850668,254,4238.515741452148,0.07773508345124183,45,5,1,3,2,5,2
111111.1072,254,0,0,0,14,2,2,4,14,2
125000.0003,254,0,0,0,21,18,21,18,21,3
21.8770812544361,254,2613.5819213061236,0.0827914880383271,45,2,1,2,1,2,4
333333.3215,254,0,0,0,30,12,30,25,30,3
250000.0006,254,0,0,0,6,3,6,7,6,3
111111.1072,254,0,0,0,35,17,35,17,35,3
333333.3215,254,0,0,0,9,3,4,7,9,1
142857.1409,254,0,0,0,1,1,1,1,1,5
82.92613887969273,62,7816.479028037595,0.03075397441267267,63,1,1,1,1,1,1
500000.0013,254,0,0,0,36,18,36,19,36,3
1054.2296149197512,31,383937.0480134861,0.00012975456778799364,87,7,1,3,11,8,4
38.5768,62,245348.4531,0.166143,1124,1,1,1,1,1,3
14.056373168310794,62,3575.1431266388927,0.054720597718253515,73,1,1,1,1,1,1
200000.0051,254,0,0,0,5,3,6,21,5,0
54.888342,62,16568.24609,0.045818,81,1,1,1,1,1,1
250000.0006,254,0,0,0,56,23,56,42,56,3
90909.0902,254,0,0,0,23,4,4,6,18,0
26.412609,254,3853.133545,0.048134,44,2,1,1,1,1,5
19.414304,254,2832.204346,0.077463,44,5,1,1,2,5,2
111111.1072,254,0,0,0,27,5,27,9,27,3
11.869519,254,1731.553345,0.151605,44,2,1,1,1,1,4
57.52993900505419,62,8295.095011012476,0.034611763261450476,74,2,1,1,1,1,1
1489.958212,31,5386983.5,0.000153,899,10,1,1,4,6,4
125000.0003,254,0,0,0,7,2,7,5,7,0
246.69817,31,1603985.375,0.000123,1252,13,1,2,2,15,4
103.00221892855195,62,691010.4159477756,0.05541928027231391,1166,1,1,1,1,1,1
1000000.003,254,0,0,0,30,19,30,22,30,3
90909.0902,254,0,0,0,30,1,30,8,30,4
65.41610640379082,254,7731.118374603344,0.03166138827548879,47,1,1,1,1,1,1
111111.1072,254,0,0,0,7,3,7,12,7,2
10.300671,254,1502.686035,0.085616,44,6,1,1,1,1,5
250000.0006,254,0,0,0,29,11,29,11,29,3
12.986617207512294,62,638.199485525946,0.28211329552583897,43,5,1,6,2,5,4
333333.3215,254,0,0,0,3,2,3,11,3,0
111111.1072,254,0,0,0,33,25,33,25,33,3
142857.1409,254,0,0,0,14,5,5,7,14,1
142857.1409,254,0,0,0,1,1,1,1,2,5
19.47645,254,2841.270508,0.062965,44,2,1,1,1,1,5
250000.0006,254,0,0,0,1,1,1,2,2,5
250000.0006,254,0,0,0,38,17,38,30,38,3
100000.0025,254,0,0,0,12,2,4,4,12,0
1.1252980226094094,254,0,0,0,1,1,1,1,1,0
60533.64679319317,254,0,0,0,8,2,2,3,1,0
3849.4592146695763,31,1003059.0816715057,0,76,10,1,3,5,10,4
142857.1409,254,0,0,0,7,4,4,4,7,3
125000.0003,254,0,0,0,17,9,17,14,17,3
22.447242513530647,62,10742.019379504538,0.0592754755116792,140,6,1,6,1,6,4
29.992478193771525,62,12151.23322087103,0.037721286313020394,114,1,1,1,2,1,0
23.631597358703285,62,11030.738337139615,0.09378124580263962,142,3,1,3,1,3,4
56.37181326654363,254,14918.004650624323,0.04507937162550727,92,7,1,1,1,7,2
16.987737008504514,254,2319.782240556143,0.10244126242087309,44,4,1,1,1,3,2
699.900692,31,198681.4844,0.000164,80,2,2,2,3,2,4
8068.081364,31,14024757,0.000139,429,10,1,1,3,4,4
40.097279,62,122007.3047,0.062128,673,1,1,1,1,1,1
20.60971977823386,254,3006.5944338824165,0.060473346215440094,44,8,1,2,1,6,2
111111.1072,254,0,0,0,5,1,1,2,3,4
0.861745,254,0,0,0,1,1,1,2,1,1
125000.0003,254,0,0,0,5,2,5,3,5,2
125000.0003,254,0,0,0,42,17,42,42,42,3
125000.0003,254,0,0,0,7,2,7,5,7,0
2902.041420758295,31,626840.9736780355,0,81,7,1,1,2,8,4
250000.0006,254,0,0,0,1,1,1,1,1,5
24.757433320550053,132,10165.15522286527,0.07083553645173829,128,1,1,1,1,5,0
125000.0003,254,0,0,0,4,1,4,2,4,0
29.684372963958005,254,4602.1698856865205,0.05927483925226913,46,4,1,4,1,4,2
166666.6608,254,0,0,0,9,3,10,11,9,1
310.89363637048484,31,1493926.4020434513,0.0001240135326713518,1147,10,1,1,2,10,4
14.9929,254,2187.199463,0.129443,44,1,1,1,4,1,5
11.660912,254,1701.121216,0.058912,44,5,1,1,2,4,2
3505.2467521329236,31,2668773.042072075,0.00012249872590188737,608,14,1,1,1,9,4
0.9514806586629645,254,120.80733620788432,0.032920333739765606,45,4,2,2,3,5,2
57.79856699929792,62,9852.10491669603,0.039357829581294045,70,1,1,1,1,1,1
77.562492,254,10522.09473,0.045663,53,9,1,2,2,9,2
100000.0025,254,0,0,0,10,2,2,2,10,2
125000.0003,254,0,0,0,7,2,7,11,7,5
111111.1072,254,0,0,0,7,3,7,12,7,1
53.10277294803831,254,16244.231342924173,0.047622542673372785,87,1,1,1,1,1,3
200000.0051,254,0,0,0,12,3,3,5,12,3
1000000.003,254,0,0,0,29,25,29,25,29,3
59.443053,62,24280.73828,0.057145,124,1,1,1,1,1,1
90909.0902,254,0,0,0,1,1,1,1,2,5
90909.0902,254,0,0,0,8,3,3,4,9,1
90909.0902,254,0,0,0,21,5,5,5,16,1
18.343257,254,4695.874023,0.089883,87,3,1,1,1,3,2
111111.1072,254,0,0,0,43,24,43,42,44,3
62.0673114414217,181,7266.230710129065,0.020148239363302747,47,5,1,5,4,5,4
250000.0006,254,0,0,0,38,10,38,29,38,3
21.932986788547275,254,5477.885603057123,0.07999180758824069,86,2,1,1,3,1,4
107.557344,62,847349,0.012127,1302,1,1,1,1,1,1
31.657767,254,3337.101074,0.049304,45,8,1,2,2,7,2
80.081384,62,372052.1875,0.05122,922,1,1,1,1,1,1
43.34810808609846,31,65875.77511421974,0.00013777018904431466,504,4,1,1,6,2,4
83333.33039,254,0,0,0,11,2,4,4,11,3
25.93688027944226,254,2258.522298242145,0.09930397660221925,44,3,1,1,1,1,2
90909.0902,254,0,0,0,14,4,4,6,14,2
76923.07779,254,0,0,0,36,1,10,10,35,2
125000.0003,254,0,0,0,4,1,4,11,4,0
27.847532,254,4062.463623,0.062119,44,5,1,1,2,6,5
21.141755,254,3084.208984,0.087812,44,1,1,1,1,1,1
111111.1072,254,0,0,0,8,4,8,13,8,2
83.758174,254,10006.30957,0.045777,45,1,1,1,1,2,5
250000.0006,254,0,0,0,12,5,6,9,11,0
2906.387930260223,31,632324.3043465896,0,81,3,1,1,9,2,4
333333.3215,254,0,0,0,4,2,4,11,4,0
142857.1409,254,0,0,0,11,5,9,9,11,3
111111.1072,254,0,0,0,25,25,27,25,25,3
125000.0003,254,0,0,0,4,1,4,1,4,0
67.15204104127822,62,575349.1482877287,0.1038371878268927,1305,1,1,1,4,1,1
333333.3215,254,0,0,0,4,3,4,3,4,0
83333.33039,254,0,0,0,14,3,6,6,14,3
19.372425,254,2826.094971,0.11207,44,3,1,1,2,2,2
12.150469,254,1772.53894,0.057316,44,11,1,1,2,4,5
200000.0051,254,0,0,0,22,6,6,7,17,0
111111.1072,254,0,0,0,9,1,8,2,9,4
125000.0003,254,0,0,0,4,2,4,9,4,0
125000.0003,254,0,0,0,8,6,8,23,8,0
11.894480847139002,254,1735.1948202486572,0.07675887014012356,44,2,1,1,1,1,4
100000.0025,254,0,0,0,1,1,1,9,1,5
1.1411708640836267,254,0,0,0,18,1,16,13,16,4
0.9754207283740775,254,123.84698527055767,0.05245369623276718,45,14,3,3,6,6,2
68.793224,254,4289.681641,0.047067,44,3,1,1,1,3,2
9.755879,254,1423.210571,0.032689,44,1,1,1,1,1,5
111111.1072,254,0,0,0,29,15,29,15,29,3
2895.2057981395546,31,690639.520231906,0,88,1,1,1,4,8,4
333333.3215,254,0,0,0,9,9,9,10,9,1
90909.0902,254,0,0,0,18,3,4,4,18,3
22.74124245957246,254,3205.9859173334603,0.06680992445367501,44,1,1,1,1,1,1
14.125327,254,2060.635986,0.018389,44,1,1,1,1,1,5
111111.1072,254,0,0,0,32,13,32,13,32,3
1.104367,254,0,0,0,1,1,1,1,1,5
21.939052,254,3200.520508,0.040811,44,1,1,1,1,1,5
9.444261,254,1377.750977,0.043248,44,2,1,1,1,2,1
20.571706019201446,254,2766.027717382869,0.06530581285342596,44,1,1,1,1,1,1
180.23531244260323,62,1639972.3186459404,0.04573688197333658,1319,1,1,1,1,1,1
100000.0025,254,0,0,0,9,4,4,4,9,3
28340.97340649094,254,0,0,0,12,8,12,12,12,3
6840.709365,31,2588859.5,0.000147,93,11,1,1,3,10,4
229.8986220146637,62,2098308.868981901,0.045096879816828674,1317,1,1,1,1,1,0
200000.0051,254,0,0,0,43,16,43,37,43,3
100000.0025,254,0,0,0,3,3,3,4,3,3
49.553445,62,17717.26172,0.046932,92,1,1,1,1,2,1
59.68844931784937,254,7367.834066222177,0.03116771040952493,47,6,1,1,1,6,2
22.62189052401074,62,4883.013688463242,0.08106100000603307,74,1,1,1,1,1,1
90909.0902,254,0,0,0,31,1,31,7,31,4
90909.0902,254,0,0,0,11,1,3,4,11,2
15.97366,254,2330.275146,0.099418,44,1,1,1,1,1,5
57.65078945589898,254,7255.91410989802,0.028743284584394513,46,6,1,6,3,6,4
500000.0013,254,0,0,0,1,1,1,1,1,5
23.817710697656352,254,2845.422437328153,0.07741936878287936,45,3,1,2,1,2,4
18.013379,254,2627.833984,0.057057,44,2,2,2,2,3,5
4629.816926002143,31,15464118.449731668,0.00013472303925631186,729,3,1,3,7,4,4
100000.0025,254,0,0,0,5,1,1,1,5,2
250000.0006,254,0,0,0,10,3,3,5,9,2
1.186343668999203,254,299.4183519373184,0.07378965431511703,79,5,2,3,3,3,2
111111.1072,254,0,0,0,7,2,7,3,7,5
56.32088922924926,62,262612.39601967577,0.06196586360211344,919,1,1,1,1,1,1
24.048426,254,3508.240967,0.078156,44,5,1,2,2,5,2
111111.1072,254,0,0,0,2,1,2,2,3,4
125000.0003,254,0,0,0,3,1,3,9,3,1
83333.33039,254,0,0,0,30,1,8,8,30,2
250000.0006,254,0,0,0,4,2,4,3,4,0
6780.317456,31,3595505.5,0.000145,136,6,1,3,5,3,4
1000000.003,254,0,0,0,29,25,29,25,29,3
2895.752973,31,687258.6875,0,89,2,2,2,3,3,4
52.72848552237343,62,11552.413423649032,0.04610130982316399,72,1,1,1,1,1,1
166666.6608,254,0,0,0,10,3,3,5,10,0
37.12210563970571,254,5330.240697071453,0.04785862595503666,55,3,1,3,2,3,2
11.403411,254,1663.556396,0.066502,44,1,1,1,1,1,5
16.29948,254,2377.806396,0.080856,44,1,1,1,1,1,5
41.308808,62,177137.9688,0.044492,826,1,1,1,1,1,1
100000.0025,254,0,0,0,9,3,3,3,9,3
27.615075822574774,31,71661.52679779418,0.000133,565,1,1,1,1,2,4
90909.0902,254,0,0,0,9,3,4,11,9,2
0.972052,254,123.419289,0.059575,45,7,2,3,4,4,2
13.013368380953448,254,1586.3377778242977,0.04828206020851525,44,1,1,4,4,1,1
145.183725,31,60681.70313,0.000136,103,7,1,3,4,5,4
23.259498956191123,250,6543.518699676893,0.05962668439817258,95,6,1,5,1,5,4
83333.33039,254,0,0,0,14,4,7,7,14,3
166666.6608,254,0,0,0,8,3,5,5,8,0
28571.42781,254,0,0,0,16,16,16,16,16,3
76.588446,254,9149.766602,0.046368,45,1,1,1,1,1,5
83333.33039,254,0,0,0,6,2,2,5,2,5
500000.0013,254,0,0,0,1,1,1,1,9,5
111111.1072,254,0,0,0,33,20,33,20,33,3
18.69397416128838,62,24062.21981683688,0.08440196089141193,315,2,1,1,1,1,1
90909.0902,254,0,0,0,15,3,7,7,15,3
90909.0902,254,0,0,0,21,4,4,5,16,1
250000.0006,254,0,0,0,13,3,7,8,13,3
43.071231,254,6283.33252,0.046399,44,3,1,2,2,2,0
36.426047,254,0,0,0,1,1,1,1,1,0
90909.0902,254,0,0,0,10,3,3,4,10,3
29.12728615400485,254,3729.235883804582,0.06190270934884049,44,1,1,1,2,2,1
7.527873,254,1098.183838,0.08516,44,2,1,1,1,1,4
125000.0003,254,0,0,0,4,3,4,18,4,5
90909.0902,254,0,0,0,10,3,3,4,10,3
111111.1072,254,0,0,0,5,1,5,1,5,2
333333.3215,254,0,0,0,6,2,6,4,6,0
8040.533115,31,13976870,0.000134,429,10,1,2,4,6,4
111111.1072,254,0,0,0,7,3,7,3,7,0
250000.0006,254,0,0,0,13,1,7,10,11,5
111111.1072,254,0,0,0,4,1,5,1,5,4
1393.312082,31,372611.4688,0,78,4,1,3,4,4,4
200000.0051,254,0,0,0,7,4,4,5,7,3
142857.1409,254,0,0,0,25,18,25,18,25,3
84.02710583953886,62,296609.4306810702,0.03878006668829104,759,2,1,1,1,1,1
28.870337428061507,65,24573.97680485734,0.06865988814410817,259,1,1,1,1,1,1
20.607666,254,0,0,0,1,1,2,1,1,5
125000.0003,254,0,0,0,33,18,33,18,33,3
1000000.003,254,0,0,0,9,2,4,4,9,3
36.41974639298505,254,4350.945749710206,0.03643508665752781,45,6,1,6,1,5,4
200000.0051,254,0,0,0,14,3,3,3,14,3
10.146175,254,9500.349609,0.073527,245,1,1,1,1,1,0
23.445268,254,3420.250977,0.056732,44,1,1,1,1,1,5
111111.1072,254,0,0,0,22,22,22,22,22,3
23.747826,254,3464.388672,0.029659,44,9,1,1,3,1,5
42.24346338246639,151,43898.844546602115,0.08196496408793578,329,1,1,1,5,1,1
111111.1072,254,0,0,0,14,8,14,9,14,3
90909.0902,254,0,0,0,21,6,6,6,16,0
21.68290157762916,128,6702.4249273989435,0.059287795651195005,95,2,1,2,1,2,4
333333.3215,254,0,0,0,39,13,39,13,39,3
200000.0051,254,0,0,0,6,2,6,2,6,0
500000.0013,254,0,0,0,8,7,8,9,8,1
125000.0003,254,0,0,0,9,5,9,15,9,1
111111.1072,254,0,0,0,15,2,2,3,15,2
333333.3215,254,0,0,0,34,21,34,34,34,3
83333.33039,254,0,0,0,1,1,1,1,1,5
100000.0025,254,0,0,0,5,1,1,1,5,2
142857.1409,254,0,0,0,14,5,5,5,13,1
111111.1072,254,0,0,0,3,1,3,3,3,0
125000.0003,254,0,0,0,6,1,6,1,6,1
25.979782,254,3789.991699,0.037278,44,1,1,1,1,1,5
47.08605078497155,62,221685.53028064774,0.07514957526916763,919,1,1,1,1,1,1
500000.0013,254,0,0,0,13,1,8,10,13,2
30.695400327748864,31,76077.06268245961,0.00013587007480145226,565,4,1,1,1,3,4
63.516798,254,7588.140137,0.04199,45,1,1,1,1,1,1
24.97519377874832,254,1853.5358898475663,0.06876882979581998,44,4,1,1,2,2,2
12.343075409183367,254,1800.6368675541564,0.07360520152518378,44,3,1,3,1,3,4
125000.0003,254,0,0,0,5,2,5,5,5,1
125000.0003,254,0,0,0,22,18,22,18,22,3
19.306287,254,2306.457764,0.133553,45,1,1,10,3,1,5
1000000.003,254,0,0,0,7,4,4,4,7,3
125000.0003,254,0,0,0,5,2,5,11,5,0
125000.0003,254,0,0,0,5,2,5,8,5,0
27.913727,254,3334.759766,0.063188,45,1,1,1,1,1,5
100000.0025,254,0,0,0,9,2,2,2,8,2
21.777066,254,2601.633545,0.078258,45,7,3,3,3,6,2
23.45245344158923,62,41600.90646259106,0.08658772580658654,425,1,1,1,10,1,0
55555.55359,254,0,0,0,4,1,1,3,1,5
71.82811180176421,62,424982.3988662072,0.042468036062913675,1055,1,1,2,1,1,1
0.191395,254,0,0,0,13,2,11,6,12,4
250000.0006,254,0,0,0,29,16,29,16,29,3
125000.0003,254,0,0,0,15,5,5,8,12,2
26.299981583100944,254,5144.536209485586,0.05187672879167098,82,4,1,1,1,3,2
100000.0025,254,0,0,0,14,4,7,7,14,3
200000.0051,254,0,0,0,42,17,42,18,42,3
250000.0006,254,0,0,0,5,1,1,2,1,5
26.214927366150288,254,5422.743582425035,0.008377425328815977,60,1,1,1,1,1,1
125.46813211576173,31,145067.93524820343,0.0001421991799957569,531,3,1,1,3,4,4
7.50960614471384,254,1095.519109592059,0.10053613628993813,44,5,1,1,2,3,2
16.457907,254,1966.171387,0.142059,45,2,1,4,4,3,5
125000.0003,254,0,0,0,6,2,6,2,6,1
100000.0025,254,0,0,0,16,4,4,11,16,2
462.572046,31,3638393.25,0.000139,1458,14,1,1,6,9,4
15.445769,254,2253.265137,0.054774,44,5,1,1,2,2,5
111111.1072,254,0,0,0,27,18,27,18,27,3
32.556464,254,3889.412109,0.026706,45,6,1,6,1,6,4
142.22920841367565,62,1124511.3994496593,0.02960190370842676,1222,1,1,1,1,1,1
2827.521083,31,671065,0,89,2,1,1,2,4,4
333333.3215,254,0,0,0,4,1,4,2,4,0
75.50612749400001,62,207365.49004659333,0.04758076091091205,681,1,1,1,2,1,1
25.548092,254,3052.145508,0.110162,45,1,1,6,2,1,5
200000.0051,254,0,0,0,5,3,6,21,5,1
0,0,0,0,0,9,6,6,6,8,0
20.095346,254,3833.57373,0.046693,44,1,1,1,1,1,5
31.597483085983338,254,7504.117363162154,0.05736075586215427,60,4,1,2,2,3,2
26.195678,254,3821.487061,0.049099,44,2,1,1,1,2,5
250000.0006,254,0,0,0,19,16,19,17,19,3
2780.2828111901204,31,653307.9508345748,0,88,3,1,1,4,2,4
46.01213,254,5496.916016,0.019729,45,9,1,1,1,8,2
82.27750487226366,254,4625.2464188805725,0.0779131758139918,43,2,1,1,1,1,4
2886.728414312863,31,685116.8820461867,0,89,3,1,1,4,3,4
24.474554,254,3570.405518,0.037478,44,1,1,1,1,1,5
29.079769729955853,254,3337.3854089591355,0.05431241230794159,45,12,3,4,4,8,2
18.636284,254,2718.705078,0.044604,44,2,1,1,1,1,5
32.51474022228914,254,5185.592122584878,0.0738259818143701,61,1,1,1,5,1,0
111111.1072,254,0,0,0,31,25,31,28,31,3
30.984236797210826,174,7945.961462300391,0.041485413253040185,66,2,1,2,3,2,4
13.144308213691685,254,1917.5225215305256,0.0703371598656343,44,6,1,1,2,3,2
333333.3215,254,0,0,0,1,1,1,1,1,4
37.798515,254,4515.662598,0.029228,45,1,1,1,1,1,5
52.62011055990981,62,373882.88690460176,0.04547630417549625,1145,1,1,1,1,1,1
60.0622618357263,74,23273.063064766582,0.014760353150761173,116,1,1,1,1,1,0
100000.0025,254,0,0,0,1,1,1,9,1,5
200000.0051,254,0,0,0,5,2,5,2,5,0
166666.6608,254,0,0,0,9,3,10,12,9,1
36.426047,254,0,0,0,1,1,1,1,1,1
125000.0003,254,0,0,0,3,1,3,9,3,1
23.942481788478638,62,72430.8689209221,0.03975751832848974,702,9,1,1,3,1,1
333333.3215,254,0,0,0,6,2,7,2,6,0
125000.0003,254,0,0,0,7,3,3,3,7,3
17.17017650126654,254,2473.9639274198616,0.04221488738811142,44,4,1,3,1,4,4
250000.0006,254,0,0,0,12,1,1,1,6,2
25.729624,254,3753.498047,0.04454,44,1,1,1,1,1,5
16.75764198225953,254,2171.837215443917,0.06246151272653215,44,3,1,1,1,2,2
1582.2366881483633,31,578089.7326274526,0.00011567913760251009,90,6,1,2,2,4,4
250000.0006,254,0,0,0,7,3,3,4,7,3
100000.0025,254,0,0,0,2,1,1,1,1,2
20.341255,254,2967.430176,0.035493,44,1,1,1,1,2,5
166666.6608,254,0,0,0,25,25,25,25,25,3
18.73210089653276,254,2351.3306988318054,0.0874064689890714,44,4,1,1,1,3,2
24.754709,254,3611.275146,0.019402,44,1,1,1,1,1,5
23.979091,62,1178.401001,0.185846,43,3,1,3,3,3,4
500000.0013,254,0,0,0,13,3,4,8,13,1
142857.1409,254,0,0,0,19,18,19,20,19,3
18.036638,254,2631.227295,0.050054,44,1,1,1,1,1,5
125000.0003,254,0,0,0,2,2,2,2,2,5
250000.0006,254,0,0,0,14,3,3,3,14,3
30.84789426703694,254,3685.295007051391,0.06369918492893398,45,8,1,6,1,6,4
39.453602669263475,176,13647.906317444606,0.05981277731306396,116,1,1,1,1,1,0
252.65559601742873,31,60849.51537579149,0.00013889140184351323,84,5,1,3,5,3,4
19.648785,254,2347.374756,0.121843,45,1,1,1,1,1,1
111111.1072,254,0,0,0,38,10,38,21,38,3
69.30542791904382,62,6904.195693451124,0.04923863465933385,69,1,1,1,2,1,1
10.404292,254,1517.802612,0.090688,44,4,1,1,2,2,5
333333.3215,254,0,0,0,17,3,3,3,16,2
166666.6608,254,0,0,0,7,3,7,3,7,1
0,0,0,0,0,3,3,3,3,3,0
313.29573174695906,31,151758.1722030898,0.00014606294774471948,160,4,1,1,2,6,4
333333.3215,254,0,0,0,7,3,7,12,7,1
100000.0025,254,0,0,0,12,4,4,5,12,0
43.587036,254,5238.193359,0.069242,52,5,1,1,1,4,2
250000.0006,254,0,0,0,1,1,1,1,1,5
17.547732851859593,254,2465.1877903893037,0.12290214456258403,53,1,1,1,1,2,0
13.853722,254,2021.01355,0.122871,44,2,1,1,1,1,5
333333.3215,254,0,0,0,38,25,38,25,38,3
18.63928,62,5409.726074,0.053078,74,1,1,2,3,1,1
1000000.003,254,0,0,0,23,13,23,23,23,3
61.745164,254,7376.48877,0.02491,45,10,1,3,4,9,2
6.895731870549834,206,1146.7492832015328,0.06816587768839824,51,1,1,1,1,2,1
9.1378203721202,254,1333.0467108497653,0.11166167140950177,44,2,1,1,1,3,2
1000000.003,254,0,0,0,43,18,46,44,43,3
125000.0003,254,0,0,0,6,2,6,2,6,0
24.7958743836248,254,3346.4908603565123,0.04716306808183021,44,7,2,2,3,5,2
64.10381660237738,83,34786.3661606976,0.011665043810872546,200,2,1,1,3,1,0
250000.0006,254,0,0,0,11,4,4,8,11,1
20.63362409130627,254,3010.081575881037,0.07298085428732456,44,4,1,2,1,3,2
125000.0003,254,0,0,0,25,25,25,26,25,3
52.586869,254,3126.087158,0.165136,44,2,1,1,1,2,2
0,0,0,0,0,2,2,2,2,2,4
30.569400687512932,254,3652.0244328242466,0.09077572400459624,45,4,1,1,1,1,1
8.387348,254,2952.34668,0,220,1,1,1,1,1,1
111111.1072,254,0,0,0,26,25,26,25,26,3
20.65324390172586,254,2895.667414165987,0.05578713712322722,44,1,1,1,1,2,1
16.971679460820244,62,5403.035406630306,0.06224848974302633,81,1,1,1,2,1,0
25.265904955013617,62,83507.22121793269,0.08454546278255563,741,1,1,1,3,1,1
7522.693862358409,31,11455505.199857075,0.000126406761926003,384,6,1,2,4,7,4
29.788843565352224,254,5799.78592531756,0.0454192724689718,57,3,1,2,2,3,2
6481.041636218546,31,2742729.4961996595,0.0001367781357704459,284,5,1,1,1,9,4
333333.3215,254,0,0,0,1,1,1,1,1,0
11.309237,254,1649.818115,0.05287,44,3,1,1,1,1,5
27.192124,254,3966.851074,0.045346,44,1,1,1,1,2,5
125000.0003,254,0,0,0,35,15,35,35,35,3
200000.0051,254,0,0,0,31,25,31,25,31,3
1000000.003,254,0,0,0,28,25,28,25,28,3
427.655027,31,60441.91016,0.000142,53,3,1,4,6,3,4
500000.0013,254,0,0,0,9,1,2,5,8,2
11.460252,254,1671.848511,0.08064,44,10,1,1,3,3,2
100000.0025,254,0,0,0,7,4,7,7,7,3
51.4745721274066,254,9762.030639100993,0.041325330355284684,68,3,1,1,3,2,0
94.05256,254,48110.65234,0.013687,155,1,1,1,1,1,0
200000.0051,254,0,0,0,5,1,1,2,1,5
13.555069715162567,254,1725.8127403406697,0.0793174184651305,44,3,1,1,1,2,2
250000.0006,254,0,0,0,17,4,4,9,15,1
2447.7133808966514,31,660291.6136316916,4.287118171946615e-05,89,1,1,1,3,4,4
85.79098069492267,254,9517.83658121138,0.03658958775529558,45,1,1,1,1,1,1
35.33864085467511,254,3717.3902370350074,0.06769981080036441,45,6,1,1,2,4,2
71.64807284544092,62,394169.6585715179,0.04077887833292472,1011,1,1,1,1,1,1
333333.3215,254,0,0,0,6,1,7,1,6,0
90909.0902,254,0,0,0,6,4,4,5,6,1
36.396199545921164,254,5384.674328592504,0.08899741172970255,55,4,1,1,2,3,2
21.83322532039276,254,3007.365483322428,0.10734152812428185,53,4,1,9,1,4,4
39.973137,254,4775.45752,0.057451,45,1,1,1,1,1,5
90909.0902,254,0,0,0,18,4,4,4,18,3
35.487891,254,13162.15918,0.076957,117,1,1,1,1,1,1
14.671599,254,4108.047852,0.126976,95,2,1,1,2,4,2
31.739314,254,3791.790039,0.075094,45,4,1,1,2,1,1
111111.1072,254,0,0,0,23,5,23,5,23,3
100000.0025,254,0,0,0,26,6,26,6,26,3
125000.0003,254,0,0,0,27,25,27,25,27,3
111111.1072,254,0,0,0,37,12,37,14,37,3
125000.0003,254,0,0,0,9,5,9,15,9,0
79704.93344423227,254,0,0,0,7,3,4,4,7,3
50.80413409036291,254,10386.323966401735,0.05009259270707686,61,2,1,1,1,1,1
166666.6608,254,0,0,0,1,1,1,2,3,5
64.187601,254,7668.278809,0.054155,45,3,1,1,1,1,5
21.206817,62,4164.247559,0.039601,82,3,1,5,5,2,1
24.401586,254,3559.760742,0.086146,44,2,1,1,1,2,5
35.383053,62,196206.25,0.070867,992,1,1,1,8,2,1
250000.0006,254,0,0,0,7,3,3,4,7,3
333333.3215,254,0,0,0,4,2,4,11,4,1
14.52646233432112,254,2044.315754056788,0.09754095818288787,44,2,1,1,2,1,4
21.276714,254,4632.772949,0.040612,57,3,2,3,3,3,2
6.439770928595787,62,316.4687509485186,0.26259575911028354,43,1,1,1,1,1,4
13.01270149481412,254,2261.4999943354464,0.058609614184588155,53,6,1,2,2,3,0
27.576139,62,13898.37402,0.070663,153,3,1,3,1,3,4
111111.1072,254,0,0,0,6,2,6,2,6,5
100000.0025,254,0,0,0,18,3,3,3,18,3
31.529301,254,4599.568848,0.055902,44,5,1,2,2,5,2
1520.086893,31,406514.6563,0,78,15,1,3,8,4,4
9.384761862349178,62,461.1940258361382,0.31037772590184554,43,4,1,4,2,4,4
16.250382748755086,254,3045.125402433618,0.08951648669274664,75,3,1,1,1,1,2
22.715065,254,3313.727051,0.035259,44,1,1,1,1,1,5
111111.1072,254,0,0,0,7,3,7,3,7,0
35.731086996499585,254,5561.509070689138,0.08901272256565815,60,4,1,4,1,5,2
90909.0902,254,0,0,0,24,1,24,7,24,4
28.702666904950913,254,3429.0119403137187,0.07415963298045225,45,5,1,1,1,4,2
333333.3215,254,0,0,0,14,3,3,3,14,3
26.656732119348067,254,3184.590984910429,0.09940311349311158,45,6,1,1,2,5,2
200000.0051,254,0,0,0,1,1,1,1,1,5
51.451833,254,3594.768066,0.125147,44,2,1,1,1,2,2
250000.0006,254,0,0,0,10,6,6,9,10,2
39.587630625128966,62,10325.725226644714,0.04482426514976566,73,4,1,1,1,1,1
46.662687,254,5574.635742,0.056129,45,1,1,1,1,2,5
1000000.003,254,0,0,0,3,1,3,6,3,1
80.332466,254,9597.051758,0.056501,45,2,1,1,1,1,5
31.28265,254,3737.233887,0.034737,45,5,1,1,2,1,5
17.873401,254,2607.413818,0.078928,44,1,1,1,1,7,5
250000.0006,254,0,0,0,17,4,6,7,17,3
100000.0025,254,0,0,0,12,2,2,4,7,2
1000000.003,254,0,0,0,43,18,43,43,43,3
200000.0051,254,0,0,0,6,2,6,2,6,5
15.221477,254,2220.544922,0.087945,44,5,1,1,2,1,5
26.143089867771824,254,3057.058430278945,0.08751406594019945,45,4,1,1,2,6,2
63.14070881319918,62,74243.9559035628,0.023167858608249527,361,1,1,1,1,1,0
83333.33039,254,0,0,0,10,3,3,3,10,3
111111.1072,254,0,0,0,2,2,2,2,2,5
28.977256,62,13363.62891,0.131886,140,5,1,4,1,4,4
10.16867754526858,254,1459.8307620860269,0.08595355488279662,44,2,1,1,1,2,4
36.04306232461215,99,24259.63213287439,0.08251167444180332,218,1,1,1,1,1,1
333333.3215,254,0,0,0,5,1,1,2,1,5
25.652594,254,3742.260742,0.045652,44,1,1,1,1,1,5
333333.3215,254,0,0,0,4,1,4,2,4,0
250000.0006,254,0,0,0,4,1,1,1,5,2
90909.0902,254,0,0,0,2,1,1,1,2,5
100000.0025,254,0,0,0,12,4,4,4,12,3
38.971264,254,4655.76709,0.074746,45,10,1,2,5,5,2
49.82747173652287,62,12145.203624955979,0.05831891248357927,83,1,1,1,1,1,1
125000.0003,254,0,0,0,9,5,9,15,9,0
70.643418,254,8439.533203,0.057005,45,2,1,1,1,1,5
90909.0902,254,0,0,0,14,5,5,5,13,2
333333.3215,254,0,0,0,4,2,4,2,4,0
250000.0006,254,0,0,0,37,13,37,31,37,3
111111.1072,254,0,0,0,20,4,20,4,20,3
125000.0003,254,0,0,0,7,2,7,4,7,1
76923.07779,254,0,0,0,1,1,1,1,1,0
333333.3215,254,0,0,0,5,1,1,1,3,5
6.731498,254,982.006714,0.093518,44,5,1,1,1,1,5
63.22033254320442,254,4290.7446615444205,0.04833595169859561,44,3,1,1,1,3,2
333333.3215,254,0,0,0,4,1,4,2,4,1
83333.33039,254,0,0,0,11,5,5,5,11,2
24.511566,254,2928.315186,0.104233,45,8,1,1,2,5,2
142857.1409,254,0,0,0,9,4,9,13,9,0
111111.1072,254,0,0,0,3,1,1,2,3,4
22.257743,254,0,0,0,1,1,1,1,1,0
24.422479,254,3562.808838,0.05379,44,2,1,1,1,7,5
31.950323,254,4660.988281,0.043578,44,2,1,1,1,1,5
70.98653212987269,62,34731.49287363518,0.014180542245950554,128,1,1,1,2,1,0
26.533769,254,3870.808594,0.046459,44,2,1,1,1,1,5
333333.3215,254,0,0,0,15,15,15,15,15,3
333333.3215,254,0,0,0,4,3,4,3,4,1
48.68138272170678,254,6121.239005295789,0.04407960161447592,44,8,1,2,3,7,2
52.8074188088265,62,8292.425305683766,0.04453817948521399,76,2,1,1,1,1,1
90909.0902,254,0,0,0,7,4,4,4,8,2
111111.1072,254,0,0,0,7,3,7,3,7,0
111111.1072,254,0,0,0,1,1,1,1,1,5
29.091865832352994,254,8115.807715107074,0.0887095331144715,94,5,2,2,2,5,2
200000.0051,254,0,0,0,5,1,5,4,5,0
10.024507,254,1462.39856,0.087742,44,3,1,1,1,3,4
125000.0003,254,0,0,0,3,1,1,1,3,2
90909.0902,254,0,0,0,5,1,3,3,5,2
9.459527,254,1379.978027,0.126713,44,1,1,1,1,1,5
2441.008861,31,579332.75,0,89,3,1,1,1,2,4
21.569607,254,3146.625,0.092693,44,6,1,2,2,1,5
200000.0051,254,0,0,0,6,1,6,1,6,0
6.701649,254,2659.214355,0,248,3,2,2,2,3,5
333333.3215,254,0,0,0,31,12,31,19,31,3
33.769181,254,4034.291504,0.073359,45,1,1,1,11,1,0
0,0,0,0,0,1,1,1,1,1,4
125000.0003,254,0,0,0,7,3,7,12,7,0
10.537358754077564,254,3001.4908879860272,0.13458931908719282,82,1,1,1,1,1,4
19.761674,254,2882.879395,0.06444,44,6,1,1,1,1,5
333.024504,31,1986775,0.000973,1176,9,1,6,11,8,4
250000.0006,254,0,0,0,4,2,2,3,3,2
142857.1409,254,0,0,0,12,3,3,3,12,3
250000.0006,254,0,0,0,38,7,38,19,38,3
250000.0006,254,0,0,0,10,4,4,5,10,2
333333.3215,254,0,0,0,10,4,4,8,10,0
279.1413868791964,31,115142.49872492126,0.00012848981385470105,114,1,1,1,3,1,4
52.09449768084063,254,8043.752857247222,0.04891080640757832,53,1,1,1,1,1,1
200000.0051,254,0,0,0,37,18,37,36,37,3
333333.3215,254,0,0,0,32,18,32,32,32,3
111111.1072,254,0,0,0,5,2,5,10,5,0
20.40027423375472,254,2953.4132777948134,0.10719774256739861,44,4,1,1,1,5,2
21.7840991317588,254,3050.271110303461,0.06292454693186397,57,3,1,1,1,2,2
166666.6608,254,0,0,0,2,2,2,11,2,0
100000.0025,254,0,0,0,1,1,1,9,1,5
21.700656,254,0,0,0,1,1,1,1,1,1
297.9994875675912,31,164769.2590818329,0.0001407436166576508,139,8,1,1,3,8,4
5.2526119570599645,254,19.497548771388523,0.008568844473870511,6,1,1,1,1,1,1
21.291972,254,3106.123047,0.06635,44,1,1,1,10,1,5
142857.1409,254,0,0,0,5,1,1,1,4,2
15.65161948426831,133,9127.26975685381,0.08613888114189334,160,1,1,1,5,1,1
2.977215,254,0,0,0,1,1,1,2,1,0
10.924754,254,2037.27832,0.092711,52,1,1,1,2,1,2
34.02879660880546,254,0,0,0,1,1,1,1,1,0
46.001305647543454,254,5495.622853580274,0.02389936065180759,45,8,1,1,1,8,2
125000.0003,254,0,0,0,7,3,3,3,7,3
200000.0051,254,0,0,0,12,3,4,4,12,0
28.356531000969426,254,5020.374314895198,0.05181243936098118,56,5,1,1,4,4,2
37.61459732537874,62,7324.602565240892,0.04978924867230261,80,1,1,1,1,1,1
22.177465788947284,254,2785.9330951748802,0.10258444727006516,44,7,1,4,3,3,4
23.941927,254,2860.262207,0.112905,45,11,1,4,2,4,4
15.05121,254,3916.483154,0.094888,88,5,1,1,3,2,2
125000.0003,254,0,0,0,34,14,34,27,34,3
35.388651,62,26379.11719,0.055118,226,1,1,1,2,1,1
111111.1072,254,0,0,0,4,1,3,2,2,4
31.673792,62,16230.31836,0.020259,135,2,1,1,1,1,0
1000000.003,254,0,0,0,3,1,4,1,3,1
1.05023,254,159.394958,0.079979,44,6,2,2,2,3,2
22.351006,31,5824.033691,0,76,5,1,3,3,9,4
250000.0006,254,0,0,0,7,3,3,4,7,3
142857.1409,254,0,0,0,7,3,7,7,7,3
333333.3215,254,0,0,0,4,2,4,4,4,0
3915.29484,31,1111438.5,0.000135,80,1,1,1,2,1,4
1000000.003,254,0,0,0,9,3,4,4,9,3
111111.1072,254,0,0,0,18,16,18,19,18,3
29.465323,254,35641.25391,0,756,8,1,1,3,1,0
41.440976,254,6045.507324,0.053391,44,8,1,8,3,8,2
15.517348,254,2263.707275,0.061884,44,1,1,2,2,1,5
200000.0051,254,0,0,0,6,3,6,5,6,0
11.657398,254,0,0,0,2,2,2,6,2,0
29.448778,254,3518.147217,0.070607,45,1,1,1,1,1,5
175402.3713799328,254,0,0,0,8,1,8,2,7,4
90909.0902,254,0,0,0,15,1,1,9,1,5
125000.0003,254,0,0,0,24,15,24,24,24,3
100000.0025,254,0,0,0,5,1,1,2,3,5
21.690830816823315,254,2484.7873784571334,0.09803307321557146,45,7,1,1,2,3,2
1897.3019896998155,31,670688.950171876,8.621662391907443e-05,90,15,1,4,7,11,4
12.182236772300037,254,3382.904376911098,0.18381626147746385,81,3,1,2,2,2,2
1023.0688525502587,31,3849260.773040972,0.00013350856314793736,935,11,1,1,3,6,4
111111.1072,254,0,0,0,7,3,7,3,7,0
200000.0051,254,0,0,0,1,1,1,1,1,5
250000.0006,254,0,0,0,38,25,38,38,38,3
17.452132,254,2545.958008,0.03287,44,1,1,1,1,2,5
27.72506754550526,62,20571.17709274879,0.0518015485684247,220,1,1,1,1,1,1
125000.0003,254,0,0,0,44,14,44,33,44,3
51.385875,254,6138.899414,0.037087,45,5,1,1,1,4,2
82.680617,254,9877.578125,0.046398,45,2,1,1,1,1,1
27.590096656911744,254,3497.1867062493484,0.08794252868104052,47,4,1,1,1,3,2
11.133378,62,547.125977,0.339564,43,1,1,1,1,1,4
200000.0051,254,0,0,0,20,18,20,18,20,3
200000.0051,254,0,0,0,5,2,5,2,5,1
200000.0051,254,0,0,0,8,5,8,8,8,3
333333.3215,254,0,0,0,18,18,18,18,18,3
90909.0902,254,0,0,0,7,3,3,3,7,3
125000.0003,254,0,0,0,7,2,7,11,7,0
90909.0902,254,0,0,0,4,1,1,1,4,2
91.40635015931798,31,27218.6747821595,0,82,16,1,2,12,7,4
28.042109,254,0,0,0,1,1,1,1,1,1
111111.1072,254,0,0,0,9,1,10,3,8,4
26.714774,254,3897.214111,0.018641,44,2,1,1,1,1,5
10.818172836277842,254,1896.3727455193412,0.11416673378353817,54,2,1,1,1,2,2
250000.0006,254,0,0,0,11,4,4,5,11,3
26.399375878165223,31,69548.85698335034,0.0001425903760077505,565,1,1,1,3,2,4
125000.0003,254,0,0,0,26,17,26,18,26,3
1000000.003,254,0,0,0,9,3,3,3,9,3
19.057444,254,2276.729248,0.047124,45,3,1,1,3,3,2
79.426438,254,9488.811523,0.046957,45,3,1,1,1,1,5
125000.0003,254,0,0,0,5,1,1,1,6,2
31.420863368409925,254,4862.812750834192,0.046109386680056964,51,7,2,2,2,6,2
85.371774,31,9597.584961,0.00011,53,2,1,2,3,1,4
142857.1409,254,0,0,0,5,3,5,3,5,5
29.32068854431354,254,4740.65655162967,0.056275425664787826,51,3,1,3,2,3,2
41.694565,254,6082.501465,0.051357,44,9,1,2,2,9,2
13.552223232137385,254,1977.0301778862386,0.09196105337043578,44,5,1,3,1,3,4
58823.52838,254,0,0,0,2,1,1,1,1,5
201.54422570567357,62,1751369.953942353,0.04566678383231441,1284,1,1,1,1,1,0
1.243613,254,296.658356,0.085441,78,6,3,4,4,4,2
46.491864445503296,254,8629.889469884436,0.04471181576889795,53,4,1,2,2,3,2
46.068663,62,282179.2813,0.065777,1133,3,1,1,1,1,3
28.816771609873737,31,76346.55498516437,0.00015436641655791196,565,1,1,1,1,1,4
500000.0013,254,0,0,0,7,1,2,2,7,2
90909.0902,254,0,0,0,10,3,7,7,10,3
1.659993,254,242.163666,0.142192,44,2,1,1,1,3,5
125000.0003,254,0,0,0,16,3,3,8,16,3
200000.0051,254,0,0,0,5,2,5,2,5,0
142857.1409,254,0,0,0,14,3,7,7,14,3
0.7979338846815853,254,120.3727545687218,0.06910837460851654,44,3,2,2,2,3,2
111111.1072,254,0,0,0,38,22,38,38,38,3
90909.0902,254,0,0,0,17,1,5,5,16,2
16.126508,254,2352.572998,0.086442,44,4,1,1,1,3,5
125000.0003,254,0,0,0,5,2,5,11,5,5
111111.1072,254,0,0,0,7,4,7,21,7,1
84.91849972458752,31,289223.46968112525,0.0001349114293442314,735,2,1,3,3,2,4
250000.0006,254,0,0,0,7,4,4,4,7,3
101.69812397016773,62,12332.8700675976,0.05590097981087404,70,1,1,1,1,1,1
125000.0003,254,0,0,0,3,1,1,2,1,5
248.32109108739147,31,121793.91138164204,0.00013310203276458427,120,3,1,1,1,1,4
7647.97964957225,31,2768722.6606566296,0.00014112136376304144,118,4,1,1,1,5,4
18.484148,254,2696.510986,0.026027,44,2,1,1,3,1,5
125000.0003,254,0,0,0,1,1,1,1,1,5
7.656751,254,1116.984741,0.079193,44,4,1,1,2,1,5
18.96107878466497,62,931.8015927716151,0.08793766311304055,43,6,1,6,3,6,4
21.865658307864383,254,2843.446084521297,0.08125853824779108,44,5,1,1,2,5,2
100000.0025,254,0,0,0,12,2,2,2,12,1
14.667191119371429,254,3132.7305592441485,0.04778497082679686,57,2,1,3,3,2,2
28.963779,254,3053.123047,0.0811,45,7,1,1,2,5,2
24.887457,254,3630.640869,0.009421,44,1,1,1,1,1,5
111111.1072,254,0,0,0,6,2,6,2,6,0
32.431777837408944,210,13504.35403739278,0.024044619755811583,120,2,1,1,1,1,1
125000.0003,254,0,0,0,4,3,4,18,4,0
32.52348637692584,248,4542.815275454001,0.05044560531009491,46,3,1,2,2,3,0
25.81905351815962,101,6156.490739952851,0.06650039156998055,66,1,1,2,3,1,1
31.29244519889295,254,4235.788505408532,0.08333614236526363,48,4,1,1,2,4,2
125000.0003,254,0,0,0,8,4,8,13,8,5
125000.0003,254,0,0,0,9,4,4,4,9,3
90909.0902,254,0,0,0,1,1,1,1,1,5
1363.2983456075585,31,4012266.8658661065,0.00015230821922179903,756,4,1,1,1,9,4
111111.1072,254,0,0,0,1,1,17,2,5,5
142857.1409,254,0,0,0,10,3,7,7,10,3
111111.1072,254,0,0,0,29,4,29,4,29,3
2754.4137424153946,31,596396.3223011969,0,81,1,1,1,6,2,4
166666.6608,254,0,0,0,7,4,4,4,7,3
111111.1072,254,0,0,0,7,2,7,2,7,0
24.17176968683494,254,4352.656766477311,0.1050824708944282,67,7,1,2,3,4,2
76.926536,62,488289,0.057848,1137,1,1,1,1,1,3
38.25487671122476,62,30049.916456370942,0.04647890774371101,205,1,1,1,1,1,1
4188.211106830444,31,1179049.8718425408,0.00011683978005470584,79,2,1,1,3,1,4
13.225334785839795,254,1929.342879186397,0.08100463633471836,44,6,1,1,2,3,2
125000.0003,254,0,0,0,20,6,6,7,16,2
333333.3215,254,0,0,0,26,25,25,26,25,3
9.468139615229301,254,1381.2344532712941,0.048796927704549985,44,2,1,1,1,1,1
27.130761,254,3957.899414,0.04536,44,1,1,1,1,1,5
142857.1409,254,0,0,0,15,8,8,8,14,2
111111.1072,254,0,0,0,1,1,1,1,1,5
44.13877870065006,254,5273.112992861992,0.06696816480100706,45,11,1,4,4,10,2
1.108047708235755,254,0,0,0,10,1,1,4,5,2
200000.0051,254,0,0,0,41,15,41,33,41,3
125000.0003,254,0,0,0,7,3,7,12,7,1
22.08822,254,3598.371826,0,45,6,1,1,2,4,2
100000.0025,254,0,0,0,16,6,16,6,16,3
0.5874773767980891,254,53.11648583259573,0.03888902582025126,63,5,1,1,3,5,2
100000.0025,254,0,0,0,7,4,4,4,7,3
125000.0003,254,0,0,0,25,11,25,12,25,3
35.46837049219957,254,4237.288019963105,0.06494348054054513,45,6,1,6,2,6,2
111111.1072,254,0,0,0,9,3,3,3,9,3
27.279989,62,8237.288086,0.073453,85,1,1,1,3,1,1
333333.3215,254,0,0,0,4,1,1,1,1,5
1966.6558903024147,31,576607.4540994976,6.885966298510983e-05,90,8,1,3,5,6,4
333333.3215,254,0,0,0,2,1,1,1,1,4
5763.996506675554,31,4471724.659989213,0.00014025422217355863,190,2,1,1,1,7,4
128.388076,62,6131.503418,0.035668,43,2,1,2,1,2,0
333333.3215,254,0,0,0,7,1,7,1,7,0
18.377723,254,2680.985596,0.04002,44,6,1,1,2,3,5
111111.1072,254,0,0,0,1,1,1,1,1,5
111111.1072,254,0,0,0,6,3,6,11,6,0
26.952541386462965,254,4647.825622375949,0.06610608488170268,55,3,1,3,2,3,4
71.09244316969709,254,7666.123474545841,0.02967823669711917,45,1,1,1,1,1,1
18.722114476144647,254,2731.2261098883196,0.07071623507603578,44,8,2,2,2,5,2
111111.1072,254,0,0,0,1,1,1,1,1,5
100000.0025,254,0,0,0,15,3,3,8,14,0
26.789562297123805,254,5150.214844651713,0.04670213727875065,76,3,1,1,1,2,2
250000.0006,254,0,0,0,7,3,3,4,7,3
90909.0902,254,0,0,0,5,1,1,1,5,2
250000.0006,254,0,0,0,7,4,4,4,7,3
90909.0902,254,0,0,0,10,4,7,7,10,3
83333.33039,254,0,0,0,11,2,5,5,11,3
9723.364010077104,31,7779687.4208621755,0.00015515802574431168,234,1,1,1,3,2,4
26.640243574514955,62,5414.624672664537,0.06810897976813257,83,1,1,1,1,1,1
10.056462034134109,62,494.2032985080629,0.197434019209203,43,2,1,2,1,2,4
30.123385102654204,254,3680.329726684879,0.07189778337086952,44,1,1,1,8,1,1
100000.0025,254,0,0,0,45,18,45,41,45,3
142857.1409,254,0,0,0,7,4,4,4,7,3
4484.204330430582,31,9423492.073374655,0.00016701980343106278,520,2,1,1,2,12,4
71428.57045,254,0,0,0,2,1,1,1,1,5
100000.0025,254,0,0,0,21,4,4,4,21,3
200000.0051,254,0,0,0,5,1,5,2,5,2
90909.0902,254,0,0,0,17,4,7,11,17,3
125000.0003,254,0,0,0,3,2,3,10,3,1
200000.0051,254,0,0,0,30,25,30,25,30,3
66.05207778110181,62,257387.37604024514,0.050066850023500545,804,1,1,1,1,1,1
111111.1072,254,0,0,0,33,10,33,15,33,3
44.68938632531626,62,31718.75516990402,0.03663471934837294,227,2,1,2,4,2,1
111111.1072,254,0,0,0,34,18,34,18,34,3
200000.0051,254,0,0,0,5,2,5,2,5,0
333333.3215,254,0,0,0,8,4,8,13,8,5
64.4031506504199,254,4071.9023016368446,0.05505135441915804,44,1,1,1,1,1,0
111111.1072,254,0,0,0,23,18,23,18,23,3
18.09511458998217,254,4144.6787489733815,0.06250168910760663,61,2,1,2,1,2,1
34.256351,254,4092.492188,0.082433,45,2,1,1,2,1,4
125000.0003,254,0,0,0,38,17,40,18,38,3
2347.139702603533,31,675989.1195223298,5.993326274042521e-05,89,5,1,2,3,6,4
125000.0003,254,0,0,0,3,1,3,1,3,0
4.256145,254,0,0,0,2,2,2,2,2,0
27.22912071868432,254,7086.401784243971,0.059458593546335134,88,3,1,1,1,3,2
35.47222988518599,124,16007.017056026702,0.08821342215417044,149,6,1,1,1,1,0
90909.0902,254,0,0,0,31,1,31,8,31,4
125000.0003,254,0,0,0,10,4,4,4,10,3
1000000.003,254,0,0,0,43,22,43,40,43,3
142857.1409,254,0,0,0,1,1,1,1,1,5
55.01239759023046,254,4605.6475889488,0.04222500939453534,48,2,1,1,2,2,2
10.302015458596351,254,1442.7759809100899,0.1055125966517429,44,4,1,1,2,2,2
250000.0006,254,0,0,0,1,1,1,3,1,5
111111.1072,254,0,0,0,29,11,29,11,29,3
69.39892398182151,254,10624.479128513283,0.04960532529637895,58,1,1,1,1,1,1
94.559808,62,17737.19531,0.043121,80,1,1,1,1,1,1
53.82184059399296,62,116167.29852511334,0.06546779292055227,609,2,1,1,1,2,1
18.016624,254,2628.307617,0.054068,44,2,1,1,1,3,5
63.613399154696026,62,125932.92265139123,0.044931261092415235,541,1,1,1,1,1,1
28.550378597160528,254,3458.0240547519234,0.06943670042328895,44,2,1,2,1,2,4
250000.0006,254,0,0,0,17,4,7,8,17,3
10.064268262310934,62,494.58689821954437,0.19605359188341848,43,4,1,4,2,3,4
111111.1072,254,0,0,0,4,1,4,1,4,4
125000.0003,254,0,0,0,12,6,6,6,12,2
111111.1072,254,0,0,0,15,6,15,6,15,3
2767.0825199051765,31,646040.9609337334,0,87,3,1,1,1,5,4
21.027311,254,2512.062744,0.071626,45,1,1,1,2,1,5
24.530288655956323,254,5811.761720067774,0.06055408189900279,81,3,1,2,1,3,2
563413.0057531379,254,0,0,0,10,1,9,3,9,4
125000.0003,254,0,0,0,9,5,9,15,9,0
26.829964343993034,254,7318.358613222971,0.06238954868502798,82,3,1,1,1,3,2
200000.0051,254,0,0,0,31,25,31,25,31,3
76923.07779,254,0,0,0,6,1,2,2,5,2
100000.0025,254,0,0,0,3,3,3,3,3,3
15.15026,254,2210.155518,0.0695,44,1,1,1,1,1,5
100000.0025,254,0,0,0,10,2,2,2,10,2
25.925347582172485,254,3394.4603593626466,0.06141635974277373,44,3,1,1,1,6,2
1000000.003,254,0,0,0,23,13,23,23,23,3
100000.0025,254,0,0,0,11,2,2,2,11,2
4417.1595231362035,31,1236457.7174897809,0.00015027760604154424,69,1,1,3,5,1,4
125000.0003,254,0,0,0,15,3,3,6,15,3
200000.0051,254,0,0,0,6,2,6,2,6,0
14.93989466170224,62,4783.99519253455,0.07279946039914746,94,2,1,1,2,2,1
3506.802670575101,31,3575362.022396398,0.00013792810910037985,384,10,1,4,6,4,4
43.68388305192936,254,10296.05143027646,0.04100347426363023,70,3,1,2,1,3,2
333333.3215,254,0,0,0,10,10,10,10,10,1
111111.1072,254,0,0,0,5,1,6,1,5,1
250000.0006,254,0,0,0,7,6,7,7,7,3
200000.0051,254,0,0,0,43,24,43,43,43,3
100000.0025,254,0,0,0,1,1,4,4,1,5
1.1073908225130502,254,126.7059893671842,0.04897717184102652,44,5,2,2,2,4,2
77.99706181918398,176,15002.829311391924,0.03794247320377865,72,1,1,1,1,1,1
110.03328266490743,225,7284.047454511004,0.052080512420150465,45,3,1,3,3,2,4
90909.0902,254,0,0,0,17,4,7,11,17,3
250000.0006,254,0,0,0,13,2,2,6,11,2
70.09354112945906,254,8373.841636944053,0.04399077890159692,45,1,1,1,1,1,1
100000.0025,254,0,0,0,22,3,3,4,22,3
17.677637,254,2578.855225,0.041727,44,1,1,9,1,1,5
125000.0003,254,0,0,0,6,1,6,1,6,1
111111.1072,254,0,0,0,43,18,43,45,43,3
29.053782190119517,254,8050.125312988672,0.048971025580699344,94,6,1,2,2,5,2
333333.3215,254,0,0,0,34,23,34,23,34,3
250000.0006,254,0,0,0,9,3,8,8,9,0
24.136283792761176,62,4360.028268510334,0.11262436917330805,91,5,1,1,2,1,1
20.738439660363746,254,3609.7962941106475,0.07263035873670688,55,7,1,1,2,2,2
100000.0025,254,0,0,0,11,3,3,5,11,1
3458.03208,31,10355577,0.000141,743,10,1,1,2,6,4
100000.0025,254,0,0,0,46,18,46,42,46,3
1957.8722426963946,31,675891.4673987434,0.00011330804608245393,90,8,1,5,7,10,4
333333.3215,254,0,0,0,10,10,10,10,10,0
125000.0003,254,0,0,0,7,3,7,6,7,0
333333.3215,254,0,0,0,4,3,4,3,4,0
125000.0003,254,0,0,0,28,1,28,11,28,2
18.391766696465677,254,5113.399586182663,0.10237617725522376,85,4,1,1,1,4,2
11.055128,254,1612.748047,0.128442,44,4,1,1,1,1,5
125000.0003,254,0,0,0,4,1,4,2,4,0
1480.6371027433527,31,404881.5193863553,0,79,7,1,2,4,7,4
90909.0902,254,0,0,0,1,1,1,1,1,5
1000000.003,254,0,0,0,1,1,1,1,2,5
58823.52838,254,0,0,0,1,1,1,1,1,5
20.99476888590864,254,1806.5090102584202,0.09771632253073811,44,2,1,1,1,1,2
28.197094,254,4113.458496,0.04302,44,7,1,7,2,7,2
37.886222851952155,62,40510.149470940814,0.05445393383754058,315,1,1,1,1,1,1
333333.3215,254,0,0,0,32,17,32,32,32,3
125000.0003,254,0,0,0,7,4,7,21,7,0
333333.3215,254,0,0,0,24,23,24,23,24,3
47.29972932682717,254,48983.77774279003,0.0457206048256756,294,1,1,1,1,1,0
59.5998752727936,254,9314.450314435186,0.05583531864469039,116,1,1,1,1,1,0
200000.0051,254,0,0,0,19,4,4,5,17,0
125000.0003,254,0,0,0,5,2,5,3,5,1
333333.3215,254,0,0,0,4,2,4,3,4,0
90909.0902,254,0,0,0,14,4,4,4,14,3
0.9276069053263192,254,0,0,0,1,1,1,2,1,1
74.16664988699503,62,133715.39218652496,0.045964003210589834,480,1,1,1,1,1,1
14.939395,254,2179.394043,0.105138,44,3,1,1,1,1,5
93.301799,254,12324.5166,0.020169,55,6,1,6,2,6,2
18.544143289482136,62,5235.174739393252,0.061356734017206024,76,2,1,1,1,1,1
125000.0003,254,0,0,0,5,3,5,3,5,0
14.107333,254,2058.010986,0.056506,44,1,1,2,2,1,5
250000.0006,254,0,0,0,11,4,4,8,11,0
33.74552499262913,254,3353.53154331913,0.0640904485069845,44,5,1,1,2,1,1
111111.1072,254,0,0,0,6,2,6,10,6,1
333333.3215,254,0,0,0,5,2,5,2,5,1
0.01980989495143616,0,2.9160120636762876,0,9,2,2,2,2,2,4
333333.3215,254,0,0,0,4,2,4,11,4,0
13.635156,62,21681.50195,0.113035,375,1,1,1,1,1,1
16.187591,62,795.504456,0.04704,43,4,1,4,2,4,4
0.21430896717446296,254,0,0,0,4,1,1,2,1,2
33.910977,254,1824.024536,0.075967,44,4,1,1,3,1,2
23.21505521113377,254,2773.4252837707413,0.06658825789765745,45,4,2,2,2,2,2
39.23680384930784,254,4649.323607751657,0.030038186096233724,45,1,1,1,1,1,1
125000.0003,254,0,0,0,4,1,4,11,4,1
250000.0006,254,0,0,0,11,3,3,7,11,0
111111.1072,254,0,0,0,7,3,7,12,7,1
190.27600517431057,31,287138.31459680805,0.0001398526734167303,465,2,1,1,2,2,4
20.903238137363477,62,4865.01641274056,0.06182890593227911,74,1,1,1,1,1,1
125000.0003,254,0,0,0,7,2,7,2,7,0
1.040589,254,0,0,0,20,1,19,20,19,4
83333.33039,254,0,0,0,8,1,1,1,8,3
333333.3215,254,0,0,0,13,4,4,7,12,1
90909.0902,254,0,0,0,1,1,1,1,1,0
200000.0051,254,0,0,0,3,2,2,3,3,3
333333.3215,254,0,0,0,2,1,2,1,1,5
76923.07779,254,0,0,0,35,1,15,15,34,2
100000.0025,254,0,0,0,12,1,1,5,1,5
14.59827372746244,135,2677.2411633801585,0.0661400133886796,62,1,1,1,2,1,1
111111.1072,254,0,0,0,8,4,8,13,8,0
41.685416935259795,62,17564.141652949354,0.06714713604150221,129,3,1,4,2,2,1
66.29901275186934,31,59877.75865500918,0.00014810522886750754,404,3,1,1,6,3,4
0.998503,254,204.86937,0.120888,57,2,2,2,2,2,2
15.378042,254,6397.265137,0,44,1,1,1,1,2,5
21.567435,254,2576.5896,0.059217,45,2,1,1,7,5,5
111111.1072,254,0,0,0,2,1,1,1,1,5
200000.0051,254,0,0,0,5,1,5,5,5,0
12.02168407923812,254,1753.7515488785327,0.053108179675596084,44,1,1,1,1,1,1
20.907842836918707,62,24056.772062162734,0.08062160234205032,301,2,1,1,1,1,1
120.87147454143158,62,1096831.8936284024,0.09479704894874447,1310,2,1,1,1,1,0
250000.0006,254,0,0,0,1,1,2,1,1,5
23.878646697663207,254,2852.7023294589894,0.11020824502789231,45,8,1,4,1,4,4
7.370857,62,362.225006,0.182005,43,3,1,3,1,3,4
93.6840087,62,12512.028654370319,0.05317376980504907,79,1,1,1,1,1,0
46.84270149074182,254,7335.785766304991,0.05863128452235614,62,5,1,3,2,5,2
70.62216597324066,62,114928.59927723525,0.047603950522523246,433,2,1,1,1,1,1
100000.0025,254,0,0,0,15,2,2,7,14,0
38.99422503810662,254,4658.510188254304,0.05030643288786457,45,8,1,2,3,5,2
333333.3215,254,0,0,0,5,1,5,1,5,0
36.10131,254,6291.045898,0.024293,56,6,1,2,2,5,2
250000.0006,254,0,0,0,2,1,1,1,5,5
29.211066,254,3489.748779,0.045486,45,3,1,1,1,1,5
1.3111236610066266,254,294.3067551435776,0.030502150140558428,59,4,2,2,2,4,2
125000.0003,254,0,0,0,7,3,7,12,7,0
0.2586976178593237,254,0,0,0,4,1,2,3,2,1
90909.0902,254,0,0,0,2,1,1,1,5,1
250000.0006,254,0,0,0,21,5,6,6,16,2
142857.1409,254,0,0,0,9,4,9,13,9,5
14.477022211106803,62,5172.644721368014,0.06862770953732508,105,1,1,1,1,1,1
125000.0003,254,0,0,0,6,2,7,10,6,5
1000000.003,254,0,0,0,7,4,4,4,7,3
100000.0025,254,0,0,0,3,2,2,3,3,3
90909.0902,254,0,0,0,2,1,2,2,5,5
39.952589,254,4773.002441,0.053372,45,8,1,2,2,8,4
26.807658968964603,254,5950.65298519362,0.06921284831212134,61,3,1,3,1,3,4
57215.68039212388,254,0,0,0,10,2,2,5,4,0
333333.3215,254,0,0,0,6,2,6,4,6,0
100000.0025,254,0,0,0,12,2,2,8,12,2
2843.051350317602,31,614099.1045876186,0,81,4,1,2,6,3,4
1.2199286655012007,254,145.07310113539978,0.06536519178204314,44,3,1,1,1,4,2
500000.0013,254,0,0,0,13,3,3,7,12,0
200000.0051,254,0,0,0,5,2,5,2,5,0
111111.1072,254,0,0,0,3,1,3,3,3,0
111111.1072,254,0,0,0,7,3,7,3,7,0
90909.0902,254,0,0,0,14,5,5,9,14,2
25.818750313487644,254,6834.99122734942,0.0902859738784707,89,3,1,1,1,5,2
333333.3215,254,0,0,0,8,6,8,23,8,0
3080.5302872632187,31,731112.5240561317,0,89,2,1,1,3,4,4
19.697041147394234,62,16462.227544108177,0.11362590323584784,255,3,1,1,1,1,0
11.749336969113523,62,3316.661718945925,0.08181849300831373,76,1,1,2,2,1,1
33.37516938368153,254,4868.84826629409,0.06245865952291116,44,9,1,7,6,9,2
30.697579010206056,62,11151.356453614399,0.04582289575924108,96,1,1,2,2,1,1
11.938597493740104,254,1436.3465172326403,0.07671185270524139,44,4,1,1,2,2,2
100000.0025,254,0,0,0,3,2,2,2,3,3
20.1516109551285,254,2407.4458253146854,0.08721361152077087,45,7,1,3,2,3,4
125000.0003,254,0,0,0,8,2,8,7,8,0
166666.6608,254,0,0,0,2,2,2,11,2,0
29.394536908781305,31,75162.45455806011,0.00013978482227151355,565,11,1,1,4,5,4
58823.52838,254,0,0,0,1,1,1,1,1,5
333333.3215,254,0,0,0,5,2,5,11,5,5
125000.0003,254,0,0,0,4,1,4,1,4,0
111111.1072,254,0,0,0,7,4,7,21,7,0
500000.0013,254,0,0,0,5,2,5,8,5,0
90909.0902,254,0,0,0,21,4,4,5,16,2
125000.0003,254,0,0,0,8,6,8,23,8,0
14.254444256624199,62,6326.323619710051,0.06614847390905904,134,2,1,2,1,2,4
20.52109115060436,254,2766.956101972449,0.0830473727212704,44,7,1,4,3,4,4
94.6038,254,11302.00098,0.015435,45,1,1,1,2,1,5
333333.3215,254,0,0,0,11,4,4,5,11,2
100000.0025,254,0,0,0,30,12,30,19,30,3
111111.1072,254,0,0,0,7,2,7,11,7,0
52.076264,254,22156.08398,0.046928,117,2,1,1,1,1,3
8.952590309052534,62,2886.0087246417734,0.13537268998854302,86,1,1,2,2,1,1
333333.3215,254,0,0,0,3,2,3,11,3,1
33.204093020873486,254,3966.782289095622,0.05495481425786987,45,5,1,1,1,4,2
125000.0003,254,0,0,0,7,2,7,2,7,0
142857.1409,254,0,0,0,24,12,24,23,24,3
12.858517,254,1875.830688,0.080774,44,1,1,1,2,1,5
1000000.003,254,0,0,0,6,1,6,19,6,4
139.69661719788013,62,1062094.4310104237,0.03955587008934824,1186,1,1,1,1,1,0
98.22400201767337,62,13979.923257041866,0.025258668408036755,71,1,1,1,1,1,1
111111.1072,254,0,0,0,12,1,1,1,12,3
111111.1072,254,0,0,0,5,1,1,2,1,5
333333.3215,254,0,0,0,25,24,24,25,24,3
62.491293253811826,31,7025.336826300638,0.0001595223992659892,53,11,1,2,2,13,4
333333.3215,254,0,0,0,2,2,2,5,2,1
49.081445705096115,42,7689.5531956849145,0.03887187975134282,76,3,1,2,4,2,4
100000.0025,254,0,0,0,5,1,1,1,5,2
125000.0003,254,0,0,0,5,2,5,2,5,1
4583.36045311781,31,13697741.511637475,0.00012935940988214448,809,10,1,3,7,8,4
125000.0003,254,0,0,0,5,2,5,4,5,0
3084.5702552464663,31,7726834.613449324,0.0001808911447411218,622,4,1,1,2,5,4
1000000.003,254,0,0,0,12,3,5,6,12,3
14.355138201111016,254,4041.3667808660657,0.06038528987474835,86,5,1,1,1,3,2
29.328832,254,8368.493164,0.080747,83,5,1,1,1,5,2
111111.1072,254,0,0,0,1,1,1,1,1,2
65.578929,254,7834.496094,0.047774,45,1,1,1,1,1,5
76923.07779,254,0,0,0,34,1,14,14,34,2
440.69023762764994,31,213321.0709041323,0.00017127427929134273,273,5,1,1,2,4,4
26.561531675141254,31,67064.00157285575,0.000135,565,3,1,1,5,2,4
111111.1072,254,0,0,0,32,18,32,32,32,3
5752.453657220161,31,10681810.679162238,0.0001511432026905617,461,14,1,1,6,11,4
125000.0003,254,0,0,0,4,1,4,4,4,0
80.432406,254,9608.991211,0.047203,45,2,1,1,1,1,0
111111.1072,254,0,0,0,41,17,41,18,41,3
100000.0025,254,0,0,0,36,25,36,25,36,3
22.743513,62,6706.691895,0.079004,83,2,1,1,1,1,1
20.602189,254,3005.49585,0.056533,44,10,2,2,2,7,2
17.278594781587977,254,3264.642715897122,0.0743641008666698,54,1,1,1,2,1,2
333333.3215,254,0,0,0,20,18,20,18,20,3
250000.0006,254,0,0,0,45,15,45,15,45,3
24.614488,254,4323.588379,0.067334,46,2,1,1,2,1,1
3910.614505,31,1018994.438,0,76,14,1,3,3,6,4
43.09751370793816,254,12195.55294464339,0.050367520170313804,84,8,1,1,1,7,2
0.861745,254,0,0,0,1,1,1,2,1,0
35.78372482638869,254,13294.158396548117,0.04430891990362769,110,2,1,1,1,1,0
45.78897,254,8630.304688,0.044932,54,4,1,2,2,3,2
2722.75451881057,31,643310.2921236169,0,88,2,1,1,2,4,4
4979.594043609814,31,15521312.181939503,0.00015329913957102121,798,10,1,1,1,12,4
22.452121,254,3918.310791,0.062543,54,5,1,5,1,6,4
100000.0025,254,0,0,0,18,1,1,4,1,5
13.21533960952055,254,1746.8402293637216,0.15498177301056318,44,2,1,1,1,1,4
7115.267374,31,3773124.75,0.00014,136,9,1,3,3,8,4
13.204057258713435,254,2606.4009823400384,0.06340700475837502,60,2,1,1,1,1,4
333333.3215,254,0,0,0,10,10,10,10,10,0
16.300544,254,2377.96167,0.070021,44,1,1,1,1,1,5
125000.0003,254,0,0,0,25,25,27,26,25,3
111111.1072,254,0,0,0,1,1,1,1,1,5
49.27063,254,5886.197754,0.040408,45,13,1,2,3,7,2
111111.1072,254,0,0,0,45,11,45,24,45,3
27.03975709002267,254,4192.573266941258,0.060694928511908976,51,5,1,1,1,5,2
74.28119804061922,254,5877.992035460141,0.056801207479692195,45,1,1,1,3,1,1
40.001984,254,7961.994629,0.049332,57,5,2,5,2,5,2
24.856201,254,3626.081055,0.014163,44,3,1,1,2,1,5
5.073621601627625,254,740.1518844543023,0.07603406790942788,44,6,1,5,1,6,4
32.373304021008884,62,6383.914191156125,0.06465764306100935,86,1,1,1,1,1,1
15.492516,254,2260.084717,0.088851,44,5,1,1,2,1,5
49.320364,254,5892.139648,0.027766,45,20,2,3,3,9,2
90909.0902,254,0,0,0,11,2,2,2,11,2
111111.1072,254,0,0,0,1,1,1,1,1,5
30.62154017846394,62,10708.806468254981,0.048637140811655856,102,1,1,1,1,1,1
100000.0025,254,0,0,0,14,4,7,7,14,3
111111.1072,254,0,0,0,4,1,4,2,4,0
57.91101970991676,254,8959.744690304216,0.03544548849123885,70,2,1,1,3,1,1
115.05903449200144,62,952268.6693663046,0.04065817467342037,1251,1,1,1,2,1,1
333333.3215,254,0,0,0,10,10,10,10,10,0
111111.1072,254,0,0,0,1,1,1,1,1,5
333333.3215,254,0,0,0,10,10,10,10,10,1
333333.3215,254,0,0,0,27,11,27,16,27,3
15.489242,254,2259.606934,0.052111,44,6,1,1,3,1,5
125000.0003,254,0,0,0,30,21,30,22,30,3
111111.1072,254,0,0,0,9,1,8,2,8,4
7565.931961,31,2775616.25,0.000159,123,10,2,2,6,3,4
34.421688511230954,62,23845.209212878985,0.06812306708732346,225,2,1,1,1,1,1
100000.0025,254,0,0,0,29,15,29,18,29,3
200000.0051,254,0,0,0,5,3,6,21,5,1
111111.1072,254,0,0,0,3,1,3,2,3,4
333333.3215,254,0,0,0,9,3,10,10,9,0
500000.0013,254,0,0,0,7,1,7,1,7,2
333333.3215,254,0,0,0,4,2,4,3,4,1
111111.1072,254,0,0,0,27,5,27,10,27,3
1741.656574,31,10554742,0.000146,1176,7,1,1,1,15,4
27.096181,62,1331.58374,0.095068,43,4,1,3,2,5,4
22.6127842226635,254,4629.948470609042,0.042380623894104144,55,3,1,3,2,3,2
2653.525334,31,691432.875,0,76,11,1,2,4,9,4
37.30259393532098,62,11219.856177025726,0.032597718666748224,73,3,1,2,2,2,1
24.535873259946268,254,5799.851948789481,0.08443032607766308,76,3,1,2,1,2,2
333333.3215,254,0,0,0,9,3,10,9,9,0
61.62538504707453,62,229324.05189869172,0.04306725004888322,775,1,1,1,1,1,1
125000.0003,254,0,0,0,6,2,6,2,6,5
250000.0006,254,0,0,0,14,6,6,8,14,2
11.993444,254,1749.631836,0.053925,44,4,1,1,1,1,4
250000.0006,254,0,0,0,9,3,3,4,9,3
111111.1072,254,0,0,0,30,18,30,18,30,3
333333.3215,254,0,0,0,13,4,4,6,13,2
48.1638455506038,254,3090.8949130171245,0.09844511730000816,44,1,1,1,1,1,2
500000.0013,254,0,0,0,5,1,5,2,5,0
6912.194003015862,31,14590476.61762135,0.00016639347370819388,522,4,1,1,2,14,4
17.23790060199851,62,847.1197066823497,0.17738136304341434,43,4,1,4,3,4,4
15.770710207929042,62,4821.536279191861,0.05856985832211663,82,1,1,1,2,1,1
24.68847,254,4302.234375,0.066652,56,6,1,1,4,5,2
134.69163691628182,31,89641.9526616302,0.00014805830367964722,175,13,1,2,5,3,4
18.490167,254,2208.95874,0.1621,45,3,1,3,2,1,0
82.796247,62,188845.1719,0.047339,602,1,1,2,2,2,1
18.313284493801042,254,2187.827152445818,0.05266652610077901,45,2,1,2,1,2,4
21.160095,254,3086.884521,0.070617,44,2,1,1,1,2,2
39.7161,254,5793.87793,0.049849,44,1,1,1,10,1,5
23.76163970575214,254,2838.723869727637,0.0971092077585223,45,4,1,3,1,4,4
83333.33039,254,0,0,0,7,3,3,3,7,3
500000.0013,254,0,0,0,11,1,11,36,11,4
125000.0003,254,0,0,0,5,3,5,3,5,0
23.930194296058964,254,3083.030255575199,0.06998835808662837,44,3,1,2,1,3,4
333333.3215,254,0,0,0,44,16,44,39,44,3
18.924647,62,930.01123,0.09365,43,8,1,7,4,7,4
23.010224,254,3356.785645,0.087862,44,2,1,1,1,2,2
200000.0051,254,0,0,0,4,1,4,12,4,0
90909.0902,254,0,0,0,13,3,4,4,13,3
25.85969218385864,254,8243.248804085197,0.08320101606170174,87,1,1,1,1,1,0
2628.045647817266,31,597055.6556468665,0,85,1,1,1,3,2,4
111111.1072,254,0,0,0,28,18,29,18,28,3
76.27771867876613,254,12599.241718712674,0.02950423680718398,56,4,1,3,1,4,2
28.956336166963194,31,76378.23510033295,0.00012866329061348792,565,2,1,1,3,1,4
333333.3215,254,0,0,0,5,2,5,12,5,0
83333.33039,254,0,0,0,2,1,1,1,3,2
16.427001488574994,62,4816.2854540342,0.07911498867619031,78,1,1,2,3,1,1
333333.3215,254,0,0,0,7,1,7,1,7,5
67.7554618063604,254,12453.55215390893,0.020063637758029444,57,5,1,5,1,5,2
83333.33039,254,0,0,0,14,5,5,5,12,0
11.077834,254,0,0,0,1,1,1,1,1,0
172.02992479630234,62,1440148.0206132713,0.044907555983508624,1259,1,1,1,1,1,1
33.032125,254,6616.995117,0.062912,57,3,1,1,1,3,2
200000.0051,254,0,0,0,19,4,4,4,18,2
4789.446467054371,31,16379815.384463495,0.00014108655903334968,746,3,1,3,5,3,4
12.018313,254,1753.259766,0.052343,44,1,1,1,1,1,1
1.445904221359322,254,0,0,0,5,2,2,3,3,1
35.01080493922905,170,2752.9821042656786,0.06737506785380805,43,7,1,6,4,6,4
1000000.003,254,0,0,0,9,2,2,6,7,0
2924.7748020160034,31,631751.3434825389,0,81,3,1,1,3,4,4
11.396088,254,1662.488159,0.087384,44,2,1,1,1,2,5
333333.3215,254,0,0,0,18,18,18,18,18,3
86.23595259758247,174,14690.297114774005,0.010602592441105795,79,4,1,4,2,6,4
142857.1409,254,0,0,0,13,3,7,7,13,3
26.729316774813206,254,4356.5764693929095,0.06881352913944364,55,3,1,1,1,1,1
1.8175677301267483,254,0,0,0,1,1,1,2,1,2
250000.0006,254,0,0,0,10,3,3,3,10,3
15.202283295371611,254,2023.4209611674776,0.08473972969856086,44,7,1,4,1,4,4
111111.1072,254,0,0,0,6,1,1,5,1,5
333333.3215,254,0,0,0,4,2,4,2,4,0
11.883900384130161,254,1733.6513249315246,0.10848355397171551,44,2,1,1,1,1,4
111111.1072,254,0,0,0,6,2,6,10,6,0
30.464028416993465,254,4080.708429799459,0.03307775617244014,44,3,1,3,1,3,4
36.13354564275303,254,10025.641635507463,0.04568381285367114,94,7,1,1,2,5,2
79.794023,254,9532.725586,0.044135,45,1,1,1,1,1,5
90909.0902,254,0,0,0,2,1,1,1,1,5
75.75075556523842,254,6111.175613044239,0.05202894947459981,48,3,1,4,2,3,4
20.454672871677946,31,53869.05521348751,0.00015746426328074842,565,2,1,1,1,1,4
111111.1072,254,0,0,0,7,3,7,3,7,0
125000.0003,254,0,0,0,4,1,1,1,5,2
22.68542,254,3309.402588,0.025903,44,7,1,1,2,1,5
142857.1409,254,0,0,0,13,4,7,7,13,3
1000000.003,254,0,0,0,45,24,45,41,45,3
12.233956,254,1784.718384,0.092624,44,1,1,1,1,4,5
55.071983,254,7628.918945,0.039543,47,1,1,1,6,1,1
250000.0006,254,0,0,0,22,4,4,6,17,1
9.426077622975674,254,1375.0984164672227,0.09057922187298224,44,3,1,1,1,2,2
43.01542175204663,236,36785.37690869831,0.046378608354102714,289,1,1,1,1,1,1
24.033395523250572,254,3356.7105913789283,0.06572418500171245,44,6,1,1,2,1,1
0,0,0,0,0,3,3,3,3,3,0
130.624519,62,907646.6875,0.045482,1130,1,1,2,2,1,1
4354.174232657031,31,1217235.5537455985,0.00015371140878550106,69,1,1,3,7,2,4
111111.1072,254,0,0,0,4,2,32,2,4,1
333333.3215,254,0,0,0,4,3,3,5,3,0
17.330102,254,2070.369385,0.056023,45,2,1,1,16,1,4
24.792093,254,3974.668457,0.05457,56,2,1,2,1,2,4
200000.0051,254,0,0,0,31,25,31,25,31,3
142857.1409,254,0,0,0,7,3,3,4,7,3
56.058457,254,23061.34375,0.046312,126,1,1,1,1,1,1
125000.0003,254,0,0,0,6,2,6,2,6,1
250000.0006,254,0,0,0,5,1,1,1,5,2
1000000.003,254,0,0,0,21,4,4,6,16,0
25.989511747962826,254,3708.7176781667054,0.06964276997861985,44,6,1,1,1,6,2
26.08458042094767,254,6045.389435560714,0.07990648714420953,75,1,1,1,1,1,0
33.27877310919695,254,6736.9219926527285,0.04203958512551626,59,5,1,5,1,5,4
21.296479,254,3106.780518,0.038377,44,4,1,1,1,1,5
83333.33039,254,0,0,0,5,1,1,1,3,2
333333.3215,254,0,0,0,4,3,3,5,3,0
2870.813285,31,627751.1875,0,82,2,1,1,12,2,4
17.36668730879408,254,2336.7151418864096,0.009307432328671797,54,12,1,3,2,12,2
90909.0902,254,0,0,0,17,3,7,7,17,3
28.80691777675328,31,71396.55643164621,0.00013249740919349522,565,1,1,1,1,1,4
38.99399820112777,254,4658.483057357506,0.04420593579195787,45,9,1,2,3,9,2
125000.0003,254,0,0,0,5,2,5,11,5,0
111111.1072,254,0,0,0,37,12,37,12,37,3
22.803855,254,3326.679932,0.035764,44,10,1,1,3,1,5
11.529379,254,1681.932983,0.093017,44,2,1,1,1,1,5
90909.0902,254,0,0,0,2,1,1,1,1,5
125000.0003,254,0,0,0,4,2,4,10,4,0
83333.33039,254,0,0,0,20,2,2,3,16,0
50.4595527471664,116,9638.116823101163,0.04324875430684077,62,1,1,1,1,1,0
111111.1072,254,0,0,0,42,17,42,43,42,3
100000.0025,254,0,0,0,34,18,34,18,34,3
30.442287839068886,62,9008.598619715509,0.10250151022417915,87,1,1,1,1,1,1
61.540255,62,98231.20313,0.061433,421,1,1,1,1,1,1
1590.3306609131146,31,5334070.92565062,0.00014917882500798863,839,10,1,1,4,7,4
111111.1072,254,0,0,0,33,14,33,33,33,3
111111.1072,254,0,0,0,35,25,35,28,35,3
25.68131,254,3746.449951,0.044335,44,1,1,1,1,1,5
83.086381,254,9926.052734,0.018568,45,2,1,1,1,1,5
250000.0006,254,0,0,0,13,4,6,6,13,3
52.684633,254,6294.057617,0.05413,45,1,1,1,1,1,0
30.34474695607428,254,3674.878945582644,0.06229157225936855,44,1,1,1,1,1,1
34.163199,254,8371.78125,0.039733,65,2,1,1,1,1,4
64.58724929979716,62,106561.19527723448,0.01896369926020807,368,1,1,1,1,1,1
2394.0405666625857,31,568851.114580812,4.688356280803889e-05,80,2,1,1,8,1,4
333333.3215,254,0,0,0,4,3,3,5,3,0
125000.0003,254,0,0,0,9,4,8,12,9,1
125000.0003,254,0,0,0,5,2,5,2,5,0
1.133721102222636,254,0,0,0,1,1,1,1,1,1
125000.0003,254,0,0,0,4,1,4,11,4,5
8.549502,254,1247.221436,0.105249,44,2,1,2,1,2,4
1.361132,254,0,0,0,1,1,1,1,1,5
1048.913041,31,3991304.25,0.000155,946,3,1,1,3,6,4
110.30489988335486,62,589464.5910123375,0.045257047573110325,1008,1,1,1,1,1,0
90909.0902,254,0,0,0,1,1,1,2,1,1
333333.3215,254,0,0,0,34,14,34,15,34,3
14.741494240280442,62,11107.395646900412,0.051370400122161416,194,1,1,2,3,1,1
39.13631774086354,254,10911.163748951136,0.05465517430583995,85,9,1,2,2,8,2
24.431448,62,6081.427734,0.068521,90,1,1,1,2,1,1
333333.3215,254,0,0,0,14,3,3,5,14,1
125000.0003,254,0,0,0,27,11,27,11,27,3
1000000.003,254,0,0,0,45,18,45,34,45,3
22.72785,254,3315.592285,0.06077,44,5,1,1,1,1,1
250000.0006,254,0,0,0,10,1,10,4,10,4
100000.0025,254,0,0,0,10,2,3,3,10,3
333333.3215,254,0,0,0,10,10,10,10,10,1
55632.93015200472,254,0,0,0,10,3,3,7,6,0
111111.1072,254,0,0,0,33,25,33,25,33,3
100000.0025,254,0,0,0,5,2,2,2,5,3
142857.1409,254,0,0,0,9,4,9,13,9,0
7.273878,254,1061.130493,0.093794,44,3,1,3,1,3,4
200000.0051,254,0,0,0,37,17,37,36,37,3
30.411289126488377,254,2254.471236457649,0.09031449867822011,44,2,1,1,1,1,4
74567.11553667532,254,0,0,0,1,1,1,1,1,0
25.239004164697786,62,8230.690272260523,0.08172266559340613,96,1,1,1,2,1,1
18.682377855886603,254,2725.4292295548585,0.0845870317154438,44,4,1,2,2,2,4
100000.0025,254,0,0,0,15,8,8,8,14,2
90909.0902,254,0,0,0,7,1,1,3,1,5
38.645191,254,7691.938965,0.052565,57,5,1,1,1,4,2
11.751971,62,3315.622803,0.080278,76,1,1,2,2,1,1
25.52886939971958,254,3484.0496548840524,0.08733581391890022,50,4,1,1,3,4,2
111111.1072,254,0,0,0,7,2,7,11,7,0
17.48855085265488,62,859.4373479977888,0.11662708899614418,43,5,1,5,2,5,4
200000.0051,254,0,0,0,6,2,6,2,6,0
28571.42781,254,0,0,0,15,15,15,15,15,3
16.643269,254,2427.959229,0.057394,44,1,1,1,1,1,5
26.862988,254,3918.835938,0.053893,44,1,1,1,1,2,5
18.801555661874414,254,2898.929071679948,0.0444250570661183,59,1,1,1,1,1,1
47619.048,254,0,0,0,3,1,1,1,1,5
95.473898,254,11405.94824,0.013016,45,1,1,1,1,2,1
100000.0025,254,0,0,0,28,23,28,23,28,3
17.583327,254,2565.097168,0.10058,44,4,1,3,1,3,2
36.17352060043474,254,4725.026304705734,0.04397270318544366,44,4,1,1,1,3,2
8.404483,254,1226.065674,0.075872,44,5,1,1,2,1,5
79.961617,254,9552.748047,0.047054,45,3,1,1,3,1,5
13.51314597643427,254,2214.4450937984666,0.060159174930218245,58,2,1,1,1,2,2
5616.913589,31,11856358,0.000152,522,4,1,1,2,6,4
74.441319,254,8893.255859,0.045703,45,2,1,1,2,1,5
51.29762260271198,62,6107.360132990304,0.08215716342202797,71,1,1,1,1,1,1
100000.0025,254,0,0,0,37,1,35,10,36,2
125000.0003,254,0,0,0,5,3,5,3,5,0
111111.1072,254,0,0,0,1,1,2,1,1,5
133.089871,62,558594.1875,0.044397,874,1,1,1,1,1,0
500000.0013,254,0,0,0,2,1,1,2,1,5
200000.0051,254,0,0,0,39,14,39,14,39,3
111111.1072,254,0,0,0,6,3,6,11,6,0
1.328414,254,0,0,0,1,1,1,2,1,0
45.04239226887822,212,35303.58284778856,0.04877901304818336,223,4,1,1,1,1,1
142857.1409,254,0,0,0,9,3,3,4,9,3
90909.0902,254,0,0,0,13,2,2,4,13,3
125000.0003,254,0,0,0,7,2,7,2,7,0
0.976321,254,123.961296,0.056533,45,16,4,4,7,7,2
15.058106,254,2196.711914,0.048304,44,1,1,1,2,1,5
23.245734,254,3391.142334,0.047531,44,1,1,1,1,1,5
100000.0025,254,0,0,0,12,4,7,7,12,3
17.734481220950343,62,26200.996502564954,0.07770397248748048,368,1,1,1,1,1,1
90909.0902,254,0,0,0,12,4,4,6,12,3
333333.3215,254,0,0,0,37,22,37,37,37,3
63.02307856602347,62,7269.086497379018,0.05169890649535113,69,1,1,1,2,1,1
42.892684,62,2107.869141,0.054782,43,11,1,11,6,12,4
19.731300822783236,254,2357.2327363118916,0.09723071926141733,45,1,1,1,1,1,1
111111.1072,254,0,0,0,29,17,29,17,29,3
34.0751434715434,254,4313.967254530061,0.09698123204844664,50,1,1,1,1,1,0
18.53742583963475,254,3297.438278438392,0.08274519949149034,52,2,1,2,1,2,4
2853.038077167877,31,415035.7386302941,7.19774662303772e-05,63,7,1,3,8,2,4
27.227665,254,3972.035645,0.045981,44,1,1,1,1,1,5
18.263702431183866,62,8258.845736392355,0.09942368792746874,130,1,1,1,1,2,1
2938.295862,31,634671.875,0,81,1,1,1,1,2,4
76.62000785208434,254,6079.310661399531,0.0523247335007861,43,1,1,1,5,1,0
22.316647,254,2666.095459,0.066766,45,7,1,1,2,3,2
1000000.003,254,0,0,0,1,1,1,1,1,5
5294.404427588253,31,13369527.072477436,0.00013242270276568176,666,8,1,1,4,3,4
9.702687,254,1415.450806,0.050393,44,1,1,1,1,4,5
77258.29547396816,254,0,0,0,1,1,1,1,2,1
17.497957,254,2552.643066,0.070559,44,6,1,1,3,1,5
333333.3215,254,0,0,0,7,3,7,3,7,5
35.221457036351445,254,4236.842398049607,0.06228744021930139,45,6,1,6,1,6,2
21.837203,254,3185.662598,0.040181,44,1,1,1,1,1,5
43.84082690548038,62,14021.807140925139,0.02526413731093237,84,1,1,1,2,1,1
100000.0025,254,0,0,0,3,1,1,1,2,2
26.655669,254,3888.591797,0.045478,44,3,1,1,1,1,5
5.025936,254,148.45842,0.087609,48,1,1,1,1,1,5
100000.0025,254,0,0,0,2,1,1,1,1,5
6.143376663895082,62,301.9030872932202,0.30522523323563644,43,1,1,1,1,1,4
166666.6608,254,0,0,0,4,2,4,11,4,0
100000.0025,254,0,0,0,2,1,1,1,1,5
125000.0003,254,0,0,0,39,22,39,39,39,3
333333.3215,254,0,0,0,4,2,3,4,3,1
500000.0013,254,0,0,0,34,18,34,18,34,3
5286.843872,31,15832219,0.000137,743,5,1,2,7,4,4
108.105852,62,14855.01563,0.024121,70,2,1,1,1,1,1
16.358297,254,2386.386963,0.052016,44,6,1,2,2,6,2
200000.0051,254,0,0,0,28,23,28,23,28,3
200000.0051,254,0,0,0,6,2,6,2,6,0
125000.0003,254,0,0,0,9,4,6,12,9,1
41.60503798589169,254,6069.441060237838,0.05207508298741783,44,8,1,4,2,8,2
21.458902,254,3130.475098,0.034518,44,1,1,2,8,1,5
333333.3215,254,0,0,0,4,1,4,1,4,0
200000.0051,254,0,0,0,5,1,5,10,5,1
28.017205417841613,254,4087.215742891851,0.09190926790946864,44,6,1,2,2,5,2
125000.0003,254,0,0,0,1,1,1,9,1,5
50.211150470583846,62,12373.902846443745,0.08254541230907982,139,1,1,1,1,1,1
16.498975,254,2406.909424,0.066387,44,1,1,1,1,1,5
333333.3215,254,0,0,0,6,1,5,3,6,4
79.56241621491554,254,11304.227032357936,0.048243742221370546,56,6,1,5,2,6,2
111111.1072,254,0,0,0,7,3,7,3,7,0
90909.0902,254,0,0,0,3,1,1,1,1,5
16.105590061276885,254,4094.619482491998,0.0932819442222365,81,1,1,1,2,1,0
111111.1072,254,0,0,0,4,1,4,2,4,1
55.43488397232643,254,7645.832327111956,0.02700146599414091,45,1,1,1,1,1,1
2323.937897890094,31,567869.3576774105,5.97152677886201e-05,80,2,1,1,8,1,4
83333.33039,254,0,0,0,1,1,1,1,1,5
125000.0003,254,0,0,0,9,5,9,15,9,0
111111.1072,254,0,0,0,5,1,5,1,5,0
333333.3215,254,0,0,0,18,7,18,12,18,3
500000.0013,254,0,0,0,2,1,1,1,2,5
79.035556,254,9442.114258,0.046121,45,2,1,1,1,1,5
90909.0902,254,0,0,0,17,3,7,7,17,3
11.961945320363611,254,1435.4080402550019,0.07958438683246828,45,4,1,1,2,2,2
125000.0003,254,0,0,0,33,19,33,19,33,3
90909.0902,254,0,0,0,22,3,6,6,22,3
111111.1072,254,0,0,0,1,1,1,2,1,5
3895.381307,31,1015025.063,0,76,4,1,3,3,5,4
90909.0902,254,0,0,0,7,3,3,3,7,3
250000.0006,254,0,0,0,9,1,1,2,2,5
90909.0902,254,0,0,0,7,4,7,7,7,3
111111.1072,254,0,0,0,7,2,7,11,7,0
83333.33039,254,0,0,0,17,2,3,3,17,3
125000.0003,254,0,0,0,8,4,8,13,8,5
250000.0006,254,0,0,0,16,4,4,4,16,3
100000.0025,254,0,0,0,16,4,5,9,16,1
1000000.003,254,0,0,0,40,16,40,40,40,3
213.29623401955328,31,60623.88167799299,0.00013744678433251007,90,6,1,3,4,4,4
21.795011,62,6397.947754,0.058862,95,2,1,1,2,1,1
82.945793,254,9909.257812,0.044392,45,1,1,1,1,1,5
7.090632,62,348.453918,0.164852,43,4,1,3,2,3,4
166666.6608,254,0,0,0,10,9,9,10,10,2
40.335389391646785,254,5334.922736063523,0.0808079421976665,57,4,1,2,2,3,2
111111.1072,254,0,0,0,35,20,35,20,35,3
125000.0003,254,0,0,0,39,23,39,24,39,3
13.672139889418581,254,2738.8030284470647,0.14862642907172896,57,1,1,1,1,1,2
33.26707155041264,254,4853.078507972911,0.059348917407747906,44,11,1,3,3,11,2
2799.299202704914,31,604648.618584108,0,81,2,1,2,4,2,4
14.850221,62,3991.233887,0.115211,75,2,1,2,2,7,1
0.5978013493535423,254,59.14505404597222,0.04964280670484919,28,4,2,3,3,4,4
28571.42781,254,0,0,0,10,10,10,10,10,3
4.963954,254,0,0,0,1,1,1,2,1,0
142857.1409,254,0,0,0,21,7,21,7,21,3
200000.0051,254,0,0,0,38,15,38,36,38,3
1000000.003,254,0,0,0,29,20,29,22,29,3
5.333085,254,0,0,0,1,1,1,2,1,1
14.133594,254,2061.841797,0.045985,44,2,1,1,1,2,5
250000.0006,254,0,0,0,7,4,4,4,7,3
17.104923058417693,254,2172.7177245418893,0.06461924253565932,44,3,1,1,1,2,2
333333.3215,254,0,0,0,5,1,5,8,5,1
22.455279,254,24665.66016,0.071692,351,1,1,1,1,1,1
0,0,0,0,0,1,1,1,1,1,4
125000.0003,254,0,0,0,5,3,5,3,5,0
125000.0003,254,0,0,0,10,10,10,10,10,0
250000.0006,254,0,0,0,5,2,5,4,5,0
90909.0902,254,0,0,0,1,1,1,1,1,5
125000.0003,254,0,0,0,7,3,7,12,7,0
24.445869,254,3566.220947,0.041384,44,2,1,1,1,1,5
56.569779101429944,254,6652.484472423173,0.04550484486470615,46,10,1,1,1,10,2
10.160201267365995,254,4949.860099950904,0.07696187266912854,130,3,1,1,1,1,3
111111.1072,254,0,0,0,1,1,1,1,1,5
49.51162671805279,254,11486.53865962056,0.05527150912787188,87,4,1,1,1,4,2
0,0,0,0,0,1,1,1,1,1,4
28.60147501174085,254,3416.923040918858,0.05905010011926912,45,3,1,3,1,3,4
2335.521901212357,31,1133598.1756908544,0.00013213718508516868,386,2,1,1,3,2,4
9.287738,62,4782.696289,0.090981,136,1,1,1,2,1,1
23.226168942607877,254,3388.288229641628,0.06434548549378319,44,6,1,1,1,4,2
125000.0003,254,0,0,0,36,15,36,16,36,3
333333.3215,254,0,0,0,6,3,6,5,6,0
39.98585969990285,254,3835.7771457953136,0.1126650055311855,44,5,1,2,2,5,2
125000.0003,254,0,0,0,6,2,6,11,6,0
3272.726695575594,31,10280424.19907741,0.00013457320478983583,784,10,1,1,2,5,4
500000.0013,254,0,0,0,14,1,1,1,3,5
25.753557,62,5427.297363,0.069453,84,1,1,1,1,1,1
333333.3215,254,0,0,0,31,13,31,19,31,3
125000.0003,254,0,0,0,3,1,3,2,3,0
111111.1072,254,0,0,0,6,3,6,11,6,0
125000.0003,254,0,0,0,17,2,16,8,17,2
33.933626,254,4950.317383,0.05849,44,2,1,1,1,1,5
37.99167130389215,254,7865.54246817692,0.04175793703100635,57,3,1,4,3,3,2
125000.0003,254,0,0,0,6,2,6,2,6,0
250000.0006,254,0,0,0,10,3,3,5,10,3
150.096877,31,56509.19922,0.000145,91,8,1,4,13,8,4
111111.1072,254,0,0,0,1,1,1,1,1,5
125000.0003,254,0,0,0,7,2,7,5,7,0
111111.1072,254,0,0,0,7,2,7,2,7,1
46.27138684360931,172,22977.10285217885,0.03869353505598008,143,1,1,1,1,1,0
332.17183796492867,31,151982.98293118377,0.00014768904575058897,153,5,1,1,2,7,4
59.62128,254,6533.382812,0.056365,54,4,1,1,1,4,2
34.18116,62,29082.13477,0.087956,258,1,1,1,1,1,0
0,0,0,0,0,1,1,1,1,1,4
125000.0003,254,0,0,0,7,2,7,5,7,0
100000.0025,254,0,0,0,24,17,24,18,24,3
9.820601,254,1432.652344,0.068605,44,1,1,1,1,1,5
27.03184,254,3943.468506,0.027301,44,1,1,1,1,1,5
125000.0003,254,0,0,0,4,2,4,10,4,1
142857.1409,254,0,0,0,4,2,2,2,4,3
2786.8946949330802,31,692354.1361190549,0,82,7,1,2,5,6,4
19.411683,254,4135.709961,0.118655,56,3,1,3,1,3,4
21.563281458565953,254,2958.3935598031176,0.109794186569021,44,5,1,1,1,5,2
31.38839572847745,254,3749.866931868364,0.06618505560516097,45,1,1,1,2,1,1
23.269942196654394,254,6522.4892750086,0.13194316423558197,95,6,1,1,1,3,2
125000.0003,254,0,0,0,9,3,9,9,9,0
501995.1072849767,254,0,0,0,7,1,2,2,2,4
83333.33039,254,0,0,0,21,2,2,4,16,2
125000.0003,254,0,0,0,4,3,4,18,4,0
333333.3215,254,0,0,0,5,2,5,2,5,0
65.528509,254,7828.472656,0.048281,45,2,1,1,2,1,5
11.494012,254,1676.77356,0.143889,44,4,1,1,3,4,5
14.790698,254,2157.701904,0.068346,44,4,1,2,2,2,5
142857.1409,254,0,0,0,7,1,1,1,5,2
26.217817,254,3824.716797,0.01341,44,1,1,1,1,1,5
25.409505,254,3706.79834,0.063562,44,6,1,1,1,6,2
250000.0006,254,0,0,0,29,11,29,12,29,3
100000.0025,254,0,0,0,11,4,4,7,11,1
333333.3215,254,0,0,0,10,10,10,10,10,1
111111.1072,254,0,0,0,7,3,7,3,7,5
10.878552,62,4055.52417,0.085311,100,1,1,1,1,1,1
142857.1409,254,0,0,0,8,4,4,4,9,2
166666.6608,254,0,0,0,2,2,2,11,2,0
75.33392430992251,254,4545.445620111442,0.04910667079573508,44,3,1,2,1,2,4
18.412735173436122,254,2393.9697664682253,0.061436240883010446,44,8,1,1,2,4,2
333333.3215,254,0,0,0,5,2,5,2,5,1
125000.0003,254,0,0,0,7,3,3,3,7,3
22.257743,254,0,0,0,1,1,1,1,1,0
138.075683,31,914383.375,0.000166,1276,14,1,3,4,14,4
58.86114004688076,62,251033.9838539499,0.04735181872256309,834,1,1,1,1,1,1
111111.1072,254,0,0,0,29,17,29,17,29,3
2661.597796814984,31,610785.6735248065,0,86,3,1,2,5,2,4
142857.1409,254,0,0,0,6,1,1,1,5,2
23.818699,254,3474.727783,0.013693,44,2,1,1,1,1,5
28571.42781,254,0,0,0,12,6,6,6,12,2
333333.3215,254,0,0,0,10,1,10,2,10,4
125000.0003,254,0,0,0,4,1,4,11,4,0
250000.0006,254,0,0,0,1,1,1,2,1,5
16.95028754562884,254,4623.054062923491,0.12291304668711356,92,6,1,1,1,4,2
250000.0006,254,0,0,0,41,22,41,40,41,3
83333.33039,254,0,0,0,32,1,9,9,31,2
12.196881,254,1779.309692,0.059741,44,5,1,3,2,3,4
20.374475991654432,254,0,0,0,1,1,1,1,1,0
166666.6608,254,0,0,0,11,11,11,11,11,0
111111.1072,254,0,0,0,7,2,7,11,7,0
2934.8871981125176,31,634863.666749078,0,81,1,1,1,1,2,4
25.35391,254,3698.687988,0.046626,44,11,1,5,4,6,4
333333.3215,254,0,0,0,1,1,1,2,1,5
90909.0902,254,0,0,0,1,1,1,1,1,0
2717.0514305321904,31,1394117.162086792,0.00014831662006387254,318,4,1,2,8,5,4
2891.592686204938,31,646294.5349847774,0,83,3,1,1,6,3,4
111111.1072,254,0,0,0,7,2,7,11,7,0
18.144884,254,5115.129395,0.117069,82,4,1,1,1,4,2
83333.33039,254,0,0,0,22,5,5,7,17,2
250000.0006,254,0,0,0,13,2,2,4,12,2
250000.0006,254,0,0,0,3,1,3,1,3,4
12.321982688439354,254,2337.7568695649857,0.08671066045967055,69,2,1,1,1,1,2
26.777892418779306,62,8212.314224032956,0.059501254940578695,84,1,1,1,2,1,1
28571.42781,254,0,0,0,12,6,6,6,12,2
14.614706,254,2132.027588,0.094213,44,1,1,1,1,1,5
19.02186000613285,62,934.788556960444,0.0784074461165813,43,4,1,4,2,4,4
27.251669,254,3975.537598,0.045634,44,2,1,1,1,1,5
1833.7345072786784,31,3816712.516747698,0.00011000792286442487,822,15,1,1,5,6,4
30.41871657901978,62,6114.29828188972,0.08610831189064301,85,4,1,1,1,2,1
100000.0025,254,0,0,0,36,1,35,12,35,4
111111.1072,254,0,0,0,7,3,7,12,7,5
16.004217,62,4412.895996,0.078712,74,1,1,2,2,1,1
250000.0006,254,0,0,0,7,3,3,4,7,3
111111.1072,254,0,0,0,6,2,6,6,6,0
90909.0902,254,0,0,0,22,3,5,6,14,2
333333.3215,254,0,0,0,5,1,5,2,5,5
100000.0025,254,0,0,0,11,2,2,2,11,0
125000.0003,254,0,0,0,9,2,9,2,9,4
125000.0003,254,0,0,0,5,2,5,2,5,0
500000.0013,254,0,0,0,21,16,21,16,21,3
500000.0013,254,0,0,0,29,13,29,29,29,3
20.149604,254,2939.47168,0.076341,44,2,1,4,4,1,5
39.551444534270104,254,5110.629637572689,0.04821563856788544,44,7,1,1,1,7,2
1000000.003,254,0,0,0,4,4,4,4,4,3
32.83873288186333,62,46803.48979712903,0.06019440600718419,372,1,1,1,1,1,1
5.663200439865966,254,826.1609686006029,0.07442653325619072,44,2,1,1,1,1,4
9.653253288400835,62,474.3884561003396,0.2664378444283304,43,5,1,4,2,4,4
18.277861,254,2666.417236,0.075274,44,4,1,1,2,1,5
146.85284123900996,254,7436.502167688937,0.049123084696266514,44,1,1,1,1,1,1
111111.1072,254,0,0,0,36,12,36,33,36,3
111111.1072,254,0,0,0,25,18,25,18,25,3
1000000.003,254,0,0,0,2,2,2,11,2,0
48.60951617289211,62,7285.545654736023,0.06308512534277955,58,1,1,1,1,1,1
111111.1072,254,0,0,0,28,5,28,11,28,3
22.482996,254,3279.872314,0.051064,44,1,1,1,1,6,5
333333.3215,254,0,0,0,4,2,2,2,4,2
142857.1409,254,0,0,0,7,4,4,4,7,3
125000.0003,254,0,0,0,27,11,28,23,27,3
1000000.003,254,0,0,0,4,4,4,4,4,3
333333.3215,254,0,0,0,4,2,4,11,4,0
111111.1072,254,0,0,0,1,1,1,10,1,5
90909.0902,254,0,0,0,13,4,4,4,13,3
48.303611719120894,254,7516.399818125671,0.05832995565041376,50,8,1,2,2,7,2
99.64961369683891,109,5902.232889975887,0.0593553952811858,52,2,1,1,1,2,0
17.182453799964797,62,6969.063098954889,0.078639621838485,127,1,1,1,1,1,1
142857.1409,254,0,0,0,29,18,29,18,29,3
30.58481295227563,254,4461.784575571069,0.06477376963556317,44,7,1,1,1,6,2
100000.0025,254,0,0,0,5,1,2,3,4,0
7369.574394766308,31,13594840.400199702,0.00014074425167204157,487,6,1,1,5,12,4
2690.582979,31,581165.9375,0,81,5,1,1,3,3,4
23.91030381731533,254,3598.148203900857,0.007765676638142649,44,5,1,1,1,3,2
125000.0003,254,0,0,0,8,6,8,23,8,0
4709.1969800294355,31,4500963.1781859845,0.00013166382866219693,225,1,1,1,2,1,4
60.60213537028428,254,7239.935229756164,0.023797063150353397,45,1,1,1,1,1,1
197.10016365115484,62,1718901.45311863,0.04793645601075148,1288,1,1,1,1,1,0
200000.0051,254,0,0,0,12,3,4,4,12,2
83333.33039,254,0,0,0,6,2,2,5,2,5
20.215465379754946,254,2829.4694147399223,0.10048275475008062,44,3,1,1,2,2,2
111111.1072,254,0,0,0,9,1,12,5,7,4
333333.3215,254,0,0,0,4,1,3,3,1,5
166666.6608,254,0,0,0,29,1,29,12,29,4
22.82597219610402,254,2831.528414667163,0.10321851453010095,47,6,1,1,1,3,2
17.146379,254,2501.354004,0.07953,44,1,1,1,1,2,5
125000.0003,254,0,0,0,27,25,27,25,27,3
125000.0003,254,0,0,0,1,1,1,1,1,5
200000.0051,254,0,0,0,7,4,4,6,7,3
90909.0902,254,0,0,0,11,4,4,8,11,1
39.178852048246455,119,4336.906863784142,0,822,3,1,1,1,1,1
12.581781,254,1835.459839,0.104728,44,1,1,1,1,2,5
200000.0051,254,0,0,0,21,5,5,6,18,0
333333.3215,254,0,0,0,9,3,9,12,9,0
25.234122,254,3681.213135,0.052748,44,2,1,1,1,1,5
90909.0902,254,0,0,0,14,3,7,8,14,3
46.819985,254,5593.427734,0.038351,45,3,1,1,2,1,5
4098.598561828225,31,12263636.761691887,0.00012318737417702844,744,7,1,3,6,6,4
167.87651095299145,225,1384838.5630924026,0.04315394016898405,1265,2,1,1,2,1,1
250000.0006,254,0,0,0,1,1,1,1,2,5
125000.0003,254,0,0,0,13,9,9,9,11,0
51.383321222772445,62,32296.7581145202,0.04720056193109532,203,1,1,1,1,1,0
111111.1072,254,0,0,0,1,1,63,1,1,1
48.50744239062335,254,11705.505631281218,0.045997094963184736,73,2,1,1,1,2,2
42.826234205929886,180,16728.885110445626,0.065094248622205,120,2,1,1,1,2,1
23.976007741169447,62,6115.676902759339,0.08573356695036223,89,4,1,1,1,2,1
125000.0003,254,0,0,0,7,2,7,11,7,0
142857.1409,254,0,0,0,12,3,3,3,12,3
37.299051,254,10216.3877,0.048443,80,11,1,2,3,9,2
34.289365853602845,254,6273.8045364503,0.05772748445249121,64,7,1,2,4,4,2
18.632496734283393,254,3344.734657342975,0.08943902815035984,52,2,1,1,1,2,2
17.825271357758822,254,2174.5441218748383,0.06909491686734827,44,3,1,1,1,2,2
2845.5032542318013,31,675332.7579893233,0,89,2,1,1,1,3,4
28.197106206223822,254,4113.460271356299,0.05001442595695797,44,7,1,6,2,6,2
100000.0025,254,0,0,0,1,1,1,6,1,0
90909.0902,254,0,0,0,6,1,1,2,1,5
83333.33039,254,0,0,0,9,3,3,3,9,3
83.62521803593462,62,512967.8826739411,0.018242517392658922,1069,2,1,1,1,1,1
4312.0244223227955,31,1236517.3460719918,0.00014738936922101788,70,1,1,3,6,1,4
250000.0006,254,0,0,0,9,2,2,2,9,3
12.368017,254,1804.275391,0.102373,44,8,3,6,4,6,4
1000000.003,254,0,0,0,30,4,30,14,30,3
125000.0003,254,0,0,0,8,4,8,13,8,0
193.33650491680945,31,281706.55142802687,0.00017959691076909918,445,9,1,4,6,13,4
7960.393788523253,31,12970068.473549603,0.00015582374068835714,404,4,1,2,3,4,4
8.527309,254,1243.983887,0.101066,44,1,1,1,1,6,5
111111.1072,254,0,0,0,2,1,2,2,2,0
21.451992,62,6772.229004,0.03662,81,2,1,1,2,1,1
3882.418209,31,1011647.25,0,76,8,1,3,8,5,4
200000.0051,254,0,0,0,30,25,30,25,30,3
136.79272576796728,62,11644.288754015639,0.056439976843037656,60,1,1,1,1,1,1
50.109099676989075,254,6513.910860113942,0.04656807429218518,48,8,1,7,2,8,2
166666.6608,254,0,0,0,2,1,1,1,2,2
111111.1072,254,0,0,0,40,16,40,29,40,3
33.69704419157444,62,17534.138767911496,0.06437623895318426,158,6,3,6,5,6,1
32.366836,62,51467.07813,0.051935,375,3,1,2,2,2,1
35.24098,254,2259.393555,0.100885,44,1,1,1,1,1,4
34.168932,254,4984.644043,0.05934,44,1,1,1,1,1,5
125000.0003,254,0,0,0,5,2,5,2,5,0
111111.1072,254,0,0,0,7,3,7,3,7,5
100000.0025,254,0,0,0,8,2,3,6,7,2
166666.6608,254,0,0,0,3,1,1,2,1,5
111111.1072,254,0,0,0,35,18,35,18,35,3
30.227526600245124,254,3794.5889458278107,0.08845070348804891,44,6,1,1,2,6,2
200000.0051,254,0,0,0,43,16,43,39,43,3
125000.0003,254,0,0,0,8,6,8,23,8,5
60.487528,254,7226.243164,0.024312,45,1,1,1,1,1,5
111111.1072,254,0,0,0,7,2,7,11,7,0
142857.1409,254,0,0,0,1,1,1,1,1,5
100000.0025,254,0,0,0,7,1,22,2,5,4
80.5727769576608,254,12342.179365943279,0.021139646220602035,65,6,1,4,2,6,2
125000.0003,254,0,0,0,1,1,2,1,1,0
200000.0051,254,0,0,0,22,5,5,7,17,2
90909.0902,254,0,0,0,6,1,1,2,1,5
1000000.003,254,0,0,0,16,4,4,4,16,2
1000000.003,254,0,0,0,8,1,6,6,8,2
200000.0051,254,0,0,0,5,1,4,2,4,2
27.810119,254,3322.38208,0.091391,45,2,1,1,3,1,5
23.022200790740733,254,3356.7604037763467,0.08786443863456923,44,2,1,1,1,2,2
16.029691,254,2338.448975,0.062365,44,4,1,1,1,1,5
115.71157,31,89423.03906,0.000155,194,13,1,2,6,3,4
125000.0003,254,0,0,0,4,3,4,18,4,0
125000.0003,254,0,0,0,5,2,6,2,5,1
250000.0006,254,0,0,0,1,1,1,1,1,5
16.23152301326318,254,2040.3762605839365,0.02514840278938128,47,2,1,1,1,1,1
30.367816,254,4868.568359,0.038688,56,5,2,2,2,4,2
31.731935184057253,254,5630.434767710619,0.05408846277442307,53,4,1,4,2,4,4
28.46060478075599,254,4114.399319783634,0.04568284274750389,45,6,1,6,2,6,2
250000.0006,254,0,0,0,37,14,37,32,37,3
20.450833,254,2983.415527,0.055105,44,1,1,2,1,2,5
27.957931,62,32999.42578,0.056699,287,10,1,1,2,1,1
69.56951372604185,62,256945.24090593678,0.04587815651142246,752,1,1,1,2,1,1
333333.3215,254,0,0,0,4,3,4,3,4,0
90909.0902,254,0,0,0,13,11,11,13,13,1
100000.0025,254,0,0,0,16,4,5,9,16,2
1000000.003,254,0,0,0,3,1,1,11,2,5
111111.1072,254,0,0,0,42,5,42,10,42,3
50.929633,254,6084.393555,0.051887,45,4,1,2,2,4,2
25.433339,254,3710.275391,0.046415,44,2,1,1,1,1,5
82.17937986234571,62,167576.50446566235,0.047700252736113155,538,1,1,1,1,1,1
25.61904,254,3737.365723,0.034104,44,1,1,1,1,1,5
27.037143,62,10165.96582,0.066291,128,1,1,1,2,5,0
250000.0006,254,0,0,0,11,2,2,2,11,0
125000.0003,254,0,0,0,3,1,3,1,3,0
250000.0006,254,0,0,0,25,19,25,19,25,3
19.17565,254,2797.388916,0.065933,44,7,1,1,3,1,5
7646.276769,31,11453014,0.000126,369,6,1,3,5,8,4
111111.1072,254,0,0,0,9,1,8,3,8,4
22.066636,62,1084.41748,0.24629,43,4,1,4,3,4,4
111111.1072,254,0,0,0,7,3,7,12,7,0
69.14280350153258,62,32330.011383327343,0.047090897860634966,143,1,1,1,1,1,0
200000.0051,254,0,0,0,5,2,5,2,5,1
100000.0025,254,0,0,0,14,4,4,8,14,0
0,0,0,0,0,1,1,1,1,1,4
31.156983,254,3722.220947,0.031812,45,1,1,1,1,1,5
3.0347494461280435,254,0,0,0,7,2,2,2,6,0
4.256145,254,0,0,0,2,2,2,2,2,0
142857.1409,254,0,0,0,1,1,1,1,1,5
146.178583,31,61097.51953,0.000137,103,7,1,3,5,4,4
20.466752,254,2445.094727,0.134238,45,7,1,4,2,4,4
45.436941,62,118689.9453,0.053301,623,3,1,1,3,1,0
27.389121206253087,254,4619.85120149156,0.048703303325301546,49,4,1,4,2,3,2
82.600032,254,9867.950195,0.043339,45,1,1,2,2,1,5
100000.0025,254,0,0,0,12,2,4,4,12,0
125000.0003,254,0,0,0,6,1,6,3,6,4
333333.3215,254,0,0,0,4,2,4,3,4,0
43.11248855759524,254,5192.835378242115,0.07607110064036224,51,4,1,4,1,4,4
41.97259079774331,254,6879.338438967026,0.057181953180234814,67,5,1,1,1,7,2
90909.0902,254,0,0,0,40,1,40,8,40,4
333333.3215,254,0,0,0,4,3,4,3,4,0
10.194437,254,2761.236084,0.121226,79,1,1,1,1,1,2
23.00664944237388,62,41930.09215330353,0.07534000863078644,459,1,1,4,3,1,1
333333.3215,254,0,0,0,8,3,3,4,8,3
22.319521171104512,254,4859.833116427151,0.05589416311217617,57,3,1,1,2,3,2
3125.158657818265,31,705242.8318109086,0,84,1,1,1,3,3,4
25.703558,254,3749.695557,0.045771,44,2,1,1,1,1,5
142857.1409,254,0,0,0,14,3,7,7,14,3
64.48335103275114,254,17815.217039224885,0.031006364424875223,93,8,1,1,2,7,2
142857.1409,254,0,0,0,7,4,4,4,7,3
24.814882,254,2964.55127,0.062374,45,1,1,1,2,1,5
0.971503721063432,254,123.34965790180136,0.04977622942268326,45,6,2,3,3,4,2
200000.0051,254,0,0,0,6,2,6,10,6,0
25.672003998662092,254,3137.765680713527,0.08481858971476804,45,3,1,1,1,2,2
1756.159917,31,661167.625,0.000132,91,4,1,4,6,12,4
82.16361975428399,62,7832.853431628515,0.03586131651911789,63,1,1,1,1,1,1
500000.0013,254,0,0,0,15,1,3,8,15,2
73.990734,62,581607.375,0.068277,1210,1,1,1,16,1,1
67.9237663541272,254,8873.089410039413,0.0250302193268778,51,3,1,1,1,1,1
81.000518,254,9676.862305,0.045789,45,1,1,1,11,1,5
35.489629839650526,254,4032.400832340429,0.07300975877399848,44,6,1,3,3,3,4
111111.1072,254,0,0,0,32,25,32,25,32,3
20.290198,254,2959.981689,0.046625,44,6,1,2,2,6,5
10.857441077134663,254,0,0,0,2,2,2,5,2,1
142857.1409,254,0,0,0,22,6,20,7,22,3
125000.0003,254,0,0,0,2,1,1,1,1,5
38.368779,62,1885.551392,0.061884,43,7,1,7,2,7,4
83333.33039,254,0,0,0,21,3,3,3,16,2
250000.0006,254,0,0,0,2,1,1,2,1,5
111111.1072,254,0,0,0,8,4,8,13,8,0
142857.1409,254,0,0,0,8,4,4,4,9,2
333333.3215,254,0,0,0,4,3,4,3,4,0
30.58692058926886,254,10432.312028723727,0.03931765267043901,127,2,1,1,1,1,1
39.74256740156996,254,8404.040387262296,0.04100751672934138,62,3,1,2,1,2,4
90909.0902,254,0,0,0,1,1,1,4,1,5
12.767191,254,1862.507935,0.11042,44,6,1,1,2,4,5
200000.0051,254,0,0,0,5,1,5,6,5,5
125000.0003,254,0,0,0,33,17,33,33,33,3
36.167089802935116,62,32963.83610028048,0.0357907979327296,240,7,1,1,2,1,0
1000000.003,254,0,0,0,4,4,4,4,4,3
20.061861,254,2926.671387,0.073551,44,5,1,5,1,6,2
250000.0006,254,0,0,0,14,4,5,9,14,2
90909.0902,254,0,0,0,20,6,6,6,16,0
1285.164066463563,31,392378.8375186747,7.60879008315928e-05,80,5,1,1,4,8,4
26.163316966108923,254,2448.660813500499,0,43,9,2,2,3,2,0
100000.0025,254,0,0,0,6,1,1,1,5,2
90909.0902,254,0,0,0,8,2,2,2,9,2
142857.1409,254,0,0,0,10,2,2,4,9,1
200000.0051,254,0,0,0,42,24,42,42,42,3
21.451854086904184,254,9081.666864892695,0.07227741782413959,124,1,1,1,9,2,1
142857.1409,254,0,0,0,12,4,7,7,12,3
13.659885,254,1992.736206,0.08717,44,2,1,1,1,2,5
177.27171731873824,62,1511347.4910863528,0.04442141944550079,1273,1,1,1,1,1,1
111111.1072,254,0,0,0,25,25,26,26,25,3
111111.1072,254,0,0,0,6,3,4,3,4,4
11.644136972307736,254,2158.8553974103866,0.07437840258358826,61,2,1,1,1,2,2
39.40269158217054,62,10873.035973574784,0.04061662277037888,76,1,1,1,2,1,1
49.419983304322365,62,12437.751117671973,0.06767074070873388,115,1,1,1,1,1,0
1000000.003,254,0,0,0,29,18,29,22,29,3
68.980106,254,8240.823242,0.006721,45,1,1,1,1,2,5
90909.0902,254,0,0,0,13,2,3,4,13,3
142857.1409,254,0,0,0,7,1,1,2,4,5
27.45220677543792,254,2436.872848208221,0.109840070215664,44,3,1,1,2,1,4
23.616228,62,10680.0918,0.070125,137,3,1,3,1,3,4
250000.0006,254,0,0,0,5,1,1,1,5,2
333333.3215,254,0,0,0,38,6,38,10,38,3
37.56267276725656,254,4300.165766801174,0.08026459312758444,44,2,1,1,1,2,0
13.653259,254,1991.769531,0.115987,44,2,1,1,2,2,5
142857.1409,254,0,0,0,11,3,3,3,11,3
125000.0003,254,0,0,0,6,1,6,2,6,4
333333.3215,254,0,0,0,4,2,4,11,4,0
111111.1072,254,0,0,0,7,3,7,12,7,1
90909.0902,254,0,0,0,1,1,1,1,6,5
125000.0003,254,0,0,0,6,2,6,11,6,0
83.768823,62,604867.625,0.308128,1197,2,1,1,1,1,2
0,0,0,0,0,3,3,3,3,3,0
100000.0025,254,0,0,0,3,1,1,2,4,5
7.0831612186287884,254,1096.9627620197055,0.08780251674327136,53,6,1,1,2,6,2
6.7004646037525335,254,977.4795079907526,0.049303579542668834,44,7,1,1,2,2,2
90909.0902,254,0,0,0,2,1,1,2,1,5
125000.0003,254,0,0,0,25,25,28,27,25,3
250000.0006,254,0,0,0,21,5,6,6,16,2
250000.0006,254,0,0,0,1,1,1,1,2,5
125000.0003,254,0,0,0,5,2,5,10,5,0
333333.3215,254,0,0,0,32,18,32,18,32,3
250000.0006,254,0,0,0,1,1,1,1,1,5
333333.3215,254,0,0,0,1,1,1,1,1,4
3222.759185354619,31,10428414.826090483,0.0001375910213333274,818,5,1,1,7,9,4
83.67331976328789,254,9996.172984700512,0.0444571409486235,45,1,1,1,1,1,0
111111.1072,254,0,0,0,6,2,6,2,6,0
200000.0051,254,0,0,0,8,3,3,3,8,3
54.24198483776769,62,8294.233624906925,0.05125022954413756,76,1,1,1,1,1,1
83333.33039,254,0,0,0,7,1,1,1,7,3
80.69222929689383,62,588401.2760991076,0.06250409475866349,1187,1,1,1,1,1,1
5837.713020863505,31,12661471.563881148,0.00014095187396690988,556,6,1,2,4,9,4
30.4077627362991,254,3718.794520867666,0.04801341344118164,44,4,1,1,1,4,2
0.12938820560724773,0,15.993175273582851,0,41,2,2,2,2,2,4
23.571771069318892,254,3438.7054679599323,0.08460824395687487,44,4,1,1,2,1,4
90909.0902,254,0,0,0,6,4,4,5,6,0
88.99759852709342,254,10632.24655974311,0.032446044729861415,45,1,1,1,1,1,1
3872.8996188329334,31,13104977.614240408,0.0001400468916285385,840,4,1,1,1,3,4
100000.0025,254,0,0,0,1,1,1,1,1,5
111111.1072,254,0,0,0,39,22,39,39,39,3
111111.1072,254,0,0,0,6,2,6,10,6,1
333333.3215,254,0,0,0,19,18,19,18,19,3
142857.1409,254,0,0,0,21,10,21,10,21,3
19.6157923488326,254,2343.433413915069,0.08519743492214288,45,3,1,1,1,3,2
12.226143,254,1783.578613,0.099517,44,16,1,1,1,7,1
125000.0003,254,0,0,0,4,1,4,1,4,0
250000.0006,254,0,0,0,10,3,7,7,10,3
90909.0902,254,0,0,0,1,1,2,2,1,5
49.417215169201626,31,19257.503246320535,0.0003642788583372658,95,13,1,4,6,13,4
18.647911803681925,254,2356.6785782543807,0.07954046248104632,44,2,1,2,1,1,1
18.120016,254,2643.390625,0.060362,44,2,1,1,2,1,5
60605.68383259616,254,0,0,0,6,1,1,3,1,0
7103.23695264317,31,3766745.1462993575,0.0001350957747646462,136,7,1,3,3,7,4
90909.0902,254,0,0,0,6,4,4,4,6,3
17.87842,254,2608.145996,0.030781,44,4,1,1,3,5,5
125000.0003,254,0,0,0,22,18,22,18,22,3
142857.1409,254,0,0,0,5,1,2,3,5,2
38.390586595880194,62,32656.298088908396,0.05344899790641522,247,7,1,1,1,2,1
90909.0902,254,0,0,0,7,3,4,4,7,3
23.448113405034512,254,5622.036041414888,0.06926888899893396,87,3,1,1,1,2,2
39.78868662281245,254,10858.166526578641,0.05715072394110741,92,7,1,2,2,7,2
111111.1072,254,0,0,0,8,1,7,4,7,4
19.979373011793694,254,0,0,0,1,1,1,1,1,0
19.68553987648216,254,2518.45686552402,0.06933380752217949,49,4,1,4,1,4,2
36.380610191096686,254,4346.270190062261,0.033684234923350605,45,6,1,5,2,5,4
21.744437970085812,62,96510.23376892596,0.08507449817917868,828,2,1,1,1,2,1
5.279370208512902,62,259.44333413534133,0.4243472905832011,43,1,1,1,1,1,4
25.83622,254,3769.048584,0.048154,44,1,1,1,1,1,5
2702.225380272868,31,632223.8765658152,1.9301561306452707e-05,83,5,1,1,12,3,4
26.70705220112094,31,70757.10936591816,0.00013384338292637534,565,1,1,1,1,2,4
3642.0564593108566,31,1634854.6497620703,0.00013820375387559372,421,3,1,1,1,3,4
166666.6608,254,0,0,0,46,25,46,44,46,3
333333.3215,254,0,0,0,5,2,5,2,5,0
90909.0902,254,0,0,0,14,4,4,7,14,2
100000.0025,254,0,0,0,1,1,1,1,2,5
1790.461682,31,674081.6875,0.000128,91,9,1,6,9,7,4
22.53903762506472,254,3667.175386838068,0.09048676488502162,54,2,1,2,1,2,4
333333.3215,254,0,0,0,39,7,39,10,39,3
26.321703269157542,254,3226.7775527824897,0.067937980488434,45,4,1,3,1,7,4
13.399829,254,1954.798584,0.071469,44,2,1,1,1,1,5
66666.66835,254,0,0,0,2,1,1,1,2,5
25.758899,254,3077.329834,0.100598,45,1,1,1,1,1,5
500000.0013,254,0,0,0,3,1,1,1,3,2
100000.0025,254,0,0,0,1,1,1,1,1,5
0,0,0,0,0,9,6,6,6,8,0
250000.0006,254,0,0,0,22,4,6,6,19,2
27.042676,254,3945.049316,0.044545,44,2,1,1,1,2,5
200000.0051,254,0,0,0,24,19,24,19,24,3
125000.0003,254,0,0,0,3,1,3,1,3,1
40.18059112517198,254,5022.160291317522,0.046322377775726925,51,2,1,1,4,1,1
22727.27255,254,0,0,0,1,1,1,9,1,5
7.861181,254,1146.807617,0.049605,44,2,1,1,2,2,5
333333.3215,254,0,0,0,10,4,4,8,10,2
45.86865820141986,254,12483.451610891603,0.021346924481260066,92,6,1,2,2,7,2
24.321806995186947,254,5129.638367120003,0.028906808048098528,92,4,1,1,1,3,2
1362.830792,31,8258991.5,0.000178,1176,16,1,6,9,18,4
125000.0003,254,0,0,0,1,1,1,1,1,5
1.034089980877633,254,173.58402520394384,0.09274355317874453,48,4,2,2,2,2,2
7400.64907,31,12864558,0.000155,429,4,1,3,5,3,4
250000.0006,254,0,0,0,10,4,4,6,10,2
33.88530283258855,254,5283.699126585703,0.035392935417100764,48,1,1,1,1,1,0
3672.1581828408616,31,10379497.544197889,0.00014366116859555167,712,10,1,1,3,5,4
14.205246,254,2072.294678,0.068775,44,6,1,1,2,1,5
250000.0006,254,0,0,0,10,3,7,7,10,3
11.638670640930448,254,1697.8765995201732,0.06132035368216494,44,5,1,1,2,3,2
125000.0003,254,0,0,0,5,2,5,5,5,1
125000.0003,254,0,0,0,5,3,5,3,5,0
6.749414,254,984.620422,0.072329,44,4,1,4,1,4,4
4092.135999339925,31,11524658.818996513,0.00013769813191840064,805,6,1,1,2,4,4
29.4577978673017,31,75577.04071799257,0.00018006887501818117,565,2,1,1,2,2,4
125000.0003,254,0,0,0,8,2,9,4,8,0
21.320972,254,3110.353516,0.07887,44,1,1,1,1,1,5
333333.3215,254,0,0,0,5,2,5,9,5,1
1.189469543744204,254,278.242069140198,0.07458889689208406,71,5,2,3,3,3,2
111111.1072,254,0,0,0,8,4,8,13,8,0
51.53679670622007,62,17265.595461830188,0.050132181717684896,98,1,1,1,1,1,1
333333.3215,254,0,0,0,4,1,4,9,4,1
8.118404,254,5037.307617,0.085696,149,4,1,1,1,1,3
2911.2028666141255,31,690925.4895572426,0,89,2,1,1,7,5,4
11.714824810522304,254,1914.0058257383332,0.10816212893474306,49,4,1,1,2,2,2
26.649821,254,3887.738525,0.048122,44,1,1,1,1,1,5
333333.3215,254,0,0,0,30,25,30,25,30,3
333333.3215,254,0,0,0,8,4,8,13,8,1
111111.1072,254,0,0,0,38,11,38,19,38,3
100000.0025,254,0,0,0,12,4,4,5,12,0
19.420651,254,5454.13623,0.139727,95,6,1,1,1,6,2
125000.0003,254,0,0,0,31,21,31,22,31,3
75.96366276760351,35,9624.951952114856,0.009239284964648653,68,2,1,2,4,2,4
333333.3215,254,0,0,0,10,1,1,3,8,5
2118.458594,31,6344030.5,0.000139,743,9,1,1,2,7,4
111111.1072,254,0,0,0,3,1,1,2,1,5
90909.0902,254,0,0,0,6,2,2,5,6,0
25.740674113077738,62,21340.16821515062,0.06117768974734491,230,1,1,1,2,1,1
105263.1626,254,0,0,0,3,1,1,2,2,2
10.261016,254,1496.901123,0.120859,44,2,1,1,1,4,5
19.474376,254,2840.967773,0.043292,44,2,1,1,1,1,5
45.145068,62,297548.3438,0.03787,1095,1,1,1,1,1,1
333333.3215,254,0,0,0,27,7,27,15,27,3
17.07696622152861,62,8753.571315199279,0.05177504436663968,155,4,1,3,1,3,4
125000.0003,254,0,0,0,36,18,36,18,36,3
200000.0051,254,0,0,0,3,1,1,1,3,2
53.25404937252358,254,15732.665317543564,0.014546014665107992,83,1,1,1,1,1,3
111111.1072,254,0,0,0,6,3,6,20,6,0
24.991914,254,3645.87915,0.046966,44,1,1,1,1,1,5
200000.0051,254,0,0,0,5,1,1,2,1,5
250000.0006,254,0,0,0,35,22,35,35,35,3
111111.1072,254,0,0,0,1,1,1,1,1,5
90909.0902,254,0,0,0,8,3,7,7,8,3
500000.0013,62,0,0,0,1,1,1,1,1,1
37.77432851585446,254,7803.339461031322,0.03143569709546592,57,4,1,2,2,4,2
250000.0006,254,0,0,0,9,3,7,7,9,3
500000.0013,254,0,0,0,5,2,5,10,5,1
125000.0003,254,0,0,0,8,5,8,21,8,1
39.27530593234007,62,12293.132602012884,0.03743006405470942,80,1,1,1,1,1,1
125.14644854461883,62,769250.3794351734,0.035906204460496985,1085,8,1,1,1,1,1
189.558888,62,1645318.5,0.045575,1283,1,1,1,1,1,0
31.056977,62,7388.505859,0.03192,86,1,1,1,1,1,1
4313.054307139409,31,12315815.795987787,0.0001122471599114479,708,7,1,3,6,6,4
23.563364,254,3437.479004,0.077637,44,4,1,1,2,1,4
333333.3215,254,0,0,0,1,1,1,1,1,5
90909.0902,254,0,0,0,1,1,1,1,1,5
111111.1072,254,0,0,0,7,3,7,3,7,0
200000.0051,254,0,0,0,5,1,1,1,5,2
30.040757269540318,254,4868.474219221444,0.039331490346528206,56,4,1,1,2,3,2
90909.0902,254,0,0,0,2,1,1,1,1,5
574.5130324890533,31,805838.8026994537,0.00012629240695711792,1082,11,1,1,3,10,4
10.595143,254,1751.730347,0.065458,44,3,1,1,2,1,5
55555.55359,254,0,0,0,10,1,1,4,1,5
90909.0902,254,0,0,0,1,1,1,1,1,5
75.27549510366732,254,8711.018050851562,0.05366739763663032,45,1,1,1,1,1,0
125000.0003,254,0,0,0,7,3,7,6,7,0
142857.1409,254,0,0,0,3,1,1,1,3,2
333333.3215,254,0,0,0,30,6,30,7,30,3
111111.1072,254,0,0,0,51,10,51,16,51,3
9.997359943341786,254,1237.2772341114674,0.07990619036961055,44,6,1,1,2,5,2
4443.147542164423,31,9378735.283539392,0.00017375635172908976,522,5,1,1,3,13,4
46.41481075438455,254,6807.290726372228,0.033474916326958044,51,1,1,2,5,1,1
26.882314,254,3921.655273,0.046751,44,2,1,1,2,1,5
36.368966224775804,254,3459.6027038142215,0.07190261051897273,44,3,1,1,1,1,4
14.718194,254,2147.124756,0.067193,44,2,1,1,1,1,5
36.018316,62,10379.97656,0.045305,74,1,1,2,1,1,1
90909.0902,254,0,0,0,11,3,7,7,11,3
60.2192524523827,254,7194.193347268989,0.020327182824776115,45,1,1,1,1,1,1
26.620025,254,3883.391846,0.01602,44,2,1,1,1,1,5
22222.22189,254,0,0,0,1,1,1,2,1,5
100000.0025,254,0,0,0,10,2,3,3,10,3
125000.0003,254,0,0,0,4,1,4,1,4,0
4.637501,254,1424.640259,0,192,1,1,1,1,1,0
166666.6608,254,0,0,0,3,1,1,2,1,5
83333.33039,254,0,0,0,2,1,1,1,1,5
25.981846,254,3790.292725,0.050397,44,1,1,1,1,1,5
1546.1345745891408,31,6469164.017142122,0.0001703361011791399,1097,10,1,1,1,9,4
20.30035,254,2961.462891,0.027599,44,2,1,1,1,6,5
111111.1072,254,0,0,0,8,4,8,13,8,0
19.896722,254,2376.995117,0.068989,45,12,1,6,3,6,4
26.055367537702857,254,4177.196360778287,0.0604785334211908,56,2,1,1,1,2,2
1000000.003,254,0,0,0,4,1,1,2,1,5
25.00053766244179,254,3647.1373243725693,0.07339686210327558,44,8,1,5,2,5,2
125000.0003,254,0,0,0,16,3,6,7,16,3
0,0,0,0,0,9,6,6,6,8,1
125000.0003,254,0,0,0,42,24,42,43,42,3
6726.853431369149,31,2816994.15935215,0.00015463564375801285,220,3,1,1,2,9,4
14.044138862808056,254,2009.0280880082353,0.08861042799583964,47,3,1,1,1,2,2
142857.1409,254,0,0,0,5,3,5,3,5,0
36.907781369879515,254,4040.561752288636,0.08104783276522017,45,6,1,2,8,2,4
16.859524057062796,62,828.5251837597093,0.20795331304988177,43,4,1,4,4,4,4
90909.0902,254,0,0,0,1,1,1,1,1,5
1000000.003,254,0,0,0,5,2,6,3,5,0
68.27185391850908,62,162270.9150867383,0.04683935653782739,632,1,1,1,1,1,0
93.69741098553112,117,14925.751275526669,0.030735210673818236,71,1,1,1,1,1,1
27.145694712637443,254,3243.0056054110455,0.06430231869994131,45,5,1,5,2,5,4
1540.3835049208574,31,405673.1988466859,0,76,6,1,3,6,6,4
56.284676878845076,226,210744.46729268893,0.042915546192483216,759,1,1,1,1,1,0
30.754,31,76222.30469,0.000139,565,2,1,1,1,1,4
5680.491865,31,9874407,0.000168,429,2,1,1,2,12,4
125000.0003,254,0,0,0,5,2,5,8,5,1
83.77349768984452,62,514096.9484106747,0.0366539278558742,1121,1,1,1,5,1,3
50.919396053240405,254,25053.584497565742,0.017970242114465317,134,16,1,1,7,1,0
125000.0003,254,0,0,0,14,14,15,14,14,3
250000.0006,254,0,0,0,14,14,14,14,14,3
20.66367,254,6390.387695,0.094133,80,1,1,1,1,1,0
0,255,0,0,0,3,1,1,2,1,2
55555.55359,254,0,0,0,2,1,1,2,1,5
142857.1409,254,0,0,0,11,3,3,3,11,3
125000.0003,254,0,0,0,27,18,27,18,27,3
17.211442,254,2510.845703,0.072829,44,1,1,1,1,1,5
333333.3215,254,0,0,0,25,25,25,25,25,3
250000.0006,254,0,0,0,9,3,10,9,9,0
111111.1072,254,0,0,0,7,3,7,3,7,0
71.90028913236252,254,8589.68770738026,0.045873123677630114,45,1,1,1,1,1,1
71.52801116900787,254,4506.792472168359,0.05424078219317771,48,2,1,2,1,2,4
125000.0003,254,0,0,0,5,3,5,3,5,1
111111.1072,254,0,0,0,7,3,7,12,7,1
200000.0051,254,0,0,0,21,4,4,6,16,2
142857.1409,254,0,0,0,14,5,6,11,14,0
333333.3215,254,0,0,0,6,3,6,5,6,0
21.758144,254,3488.265625,0.091782,56,2,1,1,1,2,2
17.489243117856617,254,2089.3816923496397,0.08698528374778161,45,3,1,1,1,3,2
250000.0006,254,0,0,0,18,4,4,5,18,3
24.289164,254,4978.440918,0.075258,57,6,1,1,2,3,2
111111.1072,254,0,0,0,6,2,6,12,6,2
125000.0003,254,0,0,0,7,2,7,5,7,0
125000.0003,254,0,0,0,4,2,4,4,4,1
500000.0013,254,0,0,0,39,24,39,39,39,3
23.680244624501743,254,2828.9999643553674,0.09958299772130841,45,7,1,1,2,4,2
90909.0902,254,0,0,0,11,3,4,6,11,0
67.784757,31,7620.433594,0.000126,53,4,1,3,6,3,4
200000.0051,254,0,0,0,18,18,18,18,18,3
83333.33039,254,0,0,0,17,1,2,3,15,2
112.846681658176,62,408335.5432162224,0.04730487891094254,791,1,1,1,1,1,3
90909.0902,254,0,0,0,16,1,4,4,16,2
30.30547263914655,254,1814.9829254868566,0.08263408251336207,44,4,1,1,2,1,2
333333.3215,254,0,0,0,30,16,30,30,30,3
21.85156677776289,254,4757.941013428587,0.06217947451435037,57,2,1,2,3,2,2
11.487224,254,1675.783203,0.057366,44,3,1,1,1,1,5
90909.0902,254,0,0,0,11,4,7,8,11,3
200000.0051,254,0,0,0,31,16,31,17,31,3
333333.3215,254,0,0,0,6,3,6,13,6,5
25.507564,254,3721.103516,0.047404,44,1,1,1,1,1,5
333333.3215,254,0,0,0,7,3,7,6,7,0
24.781058,254,2960.510498,0.11507,45,3,1,2,2,2,5
34.81741,31,118584.4297,0.00015,735,5,1,1,4,5,4
111111.1072,254,0,0,0,45,28,45,45,45,3
111111.1072,254,0,0,0,13,1,12,4,12,5
1000000.003,254,0,0,0,2,1,1,2,1,5
111111.1072,254,0,0,0,11,3,7,7,11,3
111111.1072,254,0,0,0,29,11,29,11,29,3
52.445533,254,6265.493164,0.018514,45,4,1,3,2,3,2
26.61019,254,3881.957031,0.015463,44,1,1,1,1,1,5
250000.0006,254,0,0,0,43,14,43,14,43,3
20.805127461536564,254,4451.394109919353,0.07662824170546134,62,2,1,2,1,2,4
78.357878,254,4886.09668,0.070786,44,3,1,3,1,3,4
111111.1072,254,0,0,0,16,16,16,16,16,3
100000.0025,254,0,0,0,12,2,2,7,11,1
333333.3215,254,0,0,0,10,10,10,10,10,0
90909.0902,254,0,0,0,12,5,5,5,12,0
84.09401844986466,62,312376.92080965533,0.038453734620479366,777,1,1,1,1,1,1
44.721428,254,6336.529297,0.116744,53,5,1,4,3,4,4
26.55598247427616,254,5258.685707829987,0.04467635047806083,74,3,1,1,2,2,2
78.247263,254,9347.939453,0.043967,45,1,1,1,1,1,5
17.58471,254,2173.103516,0.040288,43,2,2,2,2,2,0
115.12180892922503,62,777159.7070244654,0.08059052884832951,1182,1,1,1,1,1,1
125000.0003,254,0,0,0,2,1,2,19,2,0
125000.0003,254,0,0,0,2,1,1,1,2,5
500000.0013,254,0,0,0,8,1,1,2,1,5
200000.0051,254,0,0,0,5,2,5,2,5,0
1000000.003,254,0,0,0,29,6,29,6,29,3
60.772212221314284,254,4195.392698041062,0.04594399560237175,44,3,1,1,1,2,0
5.739075,254,1552.283203,0.151184,79,3,1,1,2,1,2
333333.3215,254,0,0,0,5,1,5,6,5,5
2697.841802,31,582733.8125,0,81,5,1,1,3,2,4
90909.0902,254,0,0,0,1,1,1,1,1,5
90909.0902,254,0,0,0,14,6,6,6,14,2
250000.0006,254,0,0,0,1,1,1,2,1,5
30.080247557661576,151,6667.4522715401945,0.06412912190975206,86,1,1,1,1,1,4
25.80936073538524,254,2237.62274124379,0.09718996614761002,44,2,1,2,1,2,4
200000.0051,254,0,0,0,4,1,1,1,1,2
125000.0003,254,0,0,0,5,2,5,2,5,1
708.207521,31,2694858,0.000136,946,18,1,1,1,10,4
0.972052,254,123.419289,0.059575,45,7,2,3,4,4,2
49.22385040300051,102,36383.02800335412,0.09849721907561507,501,1,1,2,2,1,1
16.108934,254,2350.009277,0.057089,44,2,1,1,2,1,5
269.7233851507597,31,131999.97808096805,0.00011776484105439843,121,1,1,1,1,4,4
125000.0003,254,0,0,0,11,3,5,7,11,1
200000.0051,254,0,0,0,5,1,1,3,1,5
333333.3215,254,0,0,0,4,1,4,2,4,0
19.302759640546984,254,2397.705330885631,0.08622897908867819,44,9,1,1,2,2,2
22.610692,254,2701.223877,0.067671,45,1,1,1,2,1,5
90909.0902,254,0,0,0,21,6,6,6,16,1
166666.6608,254,0,0,0,5,2,5,5,5,5
250000.0006,254,0,0,0,4,1,1,1,1,5
178.314746,62,1451443.375,0.044956,1231,3,1,1,2,2,1
18.111002,254,2642.075439,0.040139,44,2,1,1,10,1,5
125000.0003,254,0,0,0,5,3,5,3,5,0
111111.1072,254,0,0,0,7,2,7,11,7,1
18.817383,254,2745.124268,0.074545,44,1,1,1,6,1,5
125000.0003,254,0,0,0,9,2,2,2,9,0
111111.1072,254,0,0,0,46,22,46,40,46,3
125000.0003,254,0,0,0,13,3,8,6,13,3
54.40403510982347,62,193947.47395433855,0.04667285420298581,769,1,1,1,1,1,1
17.343518,62,852.309998,0.115508,43,5,1,5,2,5,4
125000.0003,254,0,0,0,5,2,5,8,5,0
125000.0003,254,0,0,0,26,17,26,18,26,3
15.555573315527614,254,2864.4099870570435,0.11669957025622399,55,2,1,2,1,2,4
23.898105,31,59230.29688,0.000154,565,1,1,1,8,3,4
15.067463,254,2198.076904,0.069747,44,1,1,1,2,1,5
25.9166406105882,254,3773.7952601255706,0.06567760234263066,44,5,1,1,2,6,2
250000.0006,254,0,0,0,11,6,6,9,10,2
90909.0902,254,0,0,0,21,4,4,4,16,0
100000.0025,254,0,0,0,6,2,2,2,5,2
41.05007246304825,254,6405.237833479679,0.06119639743305524,64,4,1,1,1,4,2
38.49883790433046,62,61734.24205204287,0.07234303062313265,452,2,1,1,1,1,0
23.453963242814243,62,4933.326206723889,0.11230938929237641,76,1,1,1,1,1,1
333333.3215,254,0,0,0,6,1,1,3,1,5
333333.3215,254,0,0,0,5,2,5,2,5,0
111111.1072,254,0,0,0,35,11,35,11,35,3
0,0,0,0,0,2,2,2,2,2,4
90909.0902,254,0,0,0,1,1,1,5,1,5
111111.1072,254,0,0,0,6,1,5,3,5,4
58.680601,62,6104.906738,0.08076,67,1,1,1,1,1,1
100000.0025,254,0,0,0,10,3,3,3,10,3
90909.0902,254,0,0,0,18,8,11,11,18,3
9689.454907296205,31,7794336.69356369,0.00015781679742198925,249,1,1,1,3,2,4
14.400648,62,6221.080078,0.059501,114,1,1,1,2,1,4
90909.0902,254,0,0,0,14,3,7,10,14,3
111111.1072,254,0,0,0,5,1,6,1,5,1
125000.0003,254,0,0,0,24,14,24,14,24,3
200000.0051,254,0,0,0,5,3,6,21,5,5
19.748974418655237,254,2359.3440815168206,0.07199871512932152,45,5,1,1,1,3,2
250000.0006,254,0,0,0,5,1,4,2,14,4
200000.0051,254,0,0,0,43,25,43,43,43,3
2843.9144117615833,31,646406.0942626963,0,85,3,1,1,5,4,4
44.19526303017119,254,5495.575823475283,0.033699638867013965,49,7,1,1,1,6,2
142857.1409,254,0,0,0,8,3,3,4,9,2
10.252589839078272,62,503.8415360933098,0.3038765176434809,43,2,1,2,1,2,4
200000.0051,254,0,0,0,32,1,8,9,31,2
125000.0003,254,0,0,0,11,1,1,3,2,5
166666.6608,254,0,0,0,15,2,5,5,15,3
250000.0006,254,0,0,0,3,1,1,2,2,5
19.052322,254,3816.561279,0.067494,57,2,1,1,1,2,2
81640.99927889669,254,0,0,0,7,3,4,4,7,3
250000.0006,254,0,0,0,21,3,3,5,16,1
333333.3215,254,0,0,0,4,2,4,3,4,0
2289.5985266142093,31,4593586.170942203,0.00013794989813973205,512,7,1,1,1,5,4
14.876947430848631,62,4618.776386026124,0.13266710694895334,96,2,1,1,1,1,1
20.399054,254,2975.861816,0.061621,44,2,1,1,2,1,5
12.438275,254,1714.568359,0.061108,45,8,1,1,2,2,5
52631.58129,254,0,0,0,1,1,1,1,1,5
35.110355833171425,62,5293.568244332707,0.05527016775831947,76,1,1,1,1,1,1
90909.0902,254,0,0,0,8,1,2,2,6,2
500000.0013,254,0,0,0,4,1,4,1,4,0
90909.0902,254,0,0,0,13,4,4,4,13,3
2493.9132469432993,31,605959.9736979862,3.241371620391477e-05,83,5,1,2,6,4,4
142857.1409,254,0,0,0,1,1,1,1,1,5
21.587878,254,3149.290283,0.036265,44,1,1,1,1,1,5
333333.3215,254,0,0,0,3,1,1,2,2,5
42.00517462924516,62,23058.428149409425,0.02975213118379201,166,1,1,1,1,1,0
36.53259601023166,254,6290.799195298477,0.026316763346995346,55,6,1,2,1,5,2
125000.0003,254,0,0,0,4,1,4,3,4,0
333333.3215,254,0,0,0,1,1,1,1,1,5
100000.0025,254,0,0,0,1,1,3,1,1,0
9.247096,254,1348.988159,0.086202,44,4,1,2,1,2,4
250000.0006,254,0,0,0,36,17,36,27,36,3
69.08113,254,8252.892578,0.011552,45,1,1,1,1,1,1
81.20908213924383,254,7252.133270820106,0.040794205556555316,44,5,1,5,3,5,4
111111.1072,254,0,0,0,11,3,4,8,11,2
125000.0003,254,0,0,0,6,2,6,2,6,1
333333.3215,254,0,0,0,31,12,31,20,31,3
24.46381,254,3568.838135,0.063824,44,1,1,1,1,1,5
111111.1072,254,0,0,0,2,1,2,2,2,0
27.150993,254,3243.638672,0.032118,45,1,1,1,1,1,5
0.761688,254,0,0,0,2,1,1,1,2,0
30.963332,254,3699.085938,0.069169,45,9,1,4,3,4,4
87.2400194001051,136,12776.39196149099,0.047853681386375205,69,1,1,1,1,1,0
67.42618773351106,62,452997.13119570573,0.07153915654508072,1130,1,1,1,1,2,0
125000.0003,254,0,0,0,1,1,1,1,1,5
70.59335433909774,62,578498.3639252346,0.08594286971957432,1257,1,1,1,10,1,1
125000.0003,254,0,0,0,7,2,7,12,7,1
200000.0051,254,0,0,0,5,2,5,2,5,1
108.80329364250449,62,897528.7394397578,0.02457292436691815,1289,1,1,3,3,1,1
111111.1072,254,0,0,0,25,25,27,25,25,3
19.571182,254,2338.104004,0.095375,45,2,1,1,1,3,2
111111.1072,254,0,0,0,11,3,6,6,11,3
1469.045061,31,392864.625,0,78,13,1,3,6,7,4
333333.3215,254,0,0,0,18,18,18,18,18,3
111111.1072,254,0,0,0,7,3,7,12,7,1
51.30382815051778,254,5135.550798388777,0.0585729748177284,50,4,1,5,2,4,4
1.1975136949805905,254,334.6971938054905,0.07561036272861746,91,3,1,1,1,4,2
111111.1072,254,0,0,0,1,1,1,1,1,2
38.81194002971408,254,5491.604872732517,0.07509422790011355,63,4,1,1,1,3,2
142857.1409,254,0,0,0,3,1,1,2,1,5
0,0,0,0,0,1,1,1,1,1,4
168.62429133809533,203,1345547.6127755223,0.04397754280020169,1238,2,1,1,1,2,1
83333.33039,254,0,0,0,9,3,3,3,9,3
200000.0051,254,0,0,0,7,4,4,4,7,3
250000.0006,254,0,0,0,13,6,6,9,11,0
2.5538149660215925,254,0,0,0,7,3,3,3,6,2
125.17300399419229,62,618383.6617624868,0.026877265724281327,985,1,1,32,31,1,1
111111.1072,254,0,0,0,3,1,3,1,14,4
333333.3215,254,0,0,0,5,2,5,2,5,0
333333.3215,254,0,0,0,2,1,2,1,2,0
250000.0006,254,0,0,0,20,3,6,7,16,2
111111.1072,254,0,0,0,25,25,28,26,25,3
28.315395,254,7110.857422,0.050266,80,9,1,2,2,8,2
200000.0051,254,0,0,0,3,1,1,1,3,2
100000.0025,254,0,0,0,7,4,4,4,7,3
19.938776,254,2908.715576,0.054433,44,2,1,2,1,2,4
250000.0006,254,0,0,0,1,1,1,1,1,5
111111.1072,254,0,0,0,34,17,34,17,34,3
39.645482555958196,254,5256.85789039019,0.05470460229849964,44,8,1,1,1,8,2
14.61899,254,2132.652832,0.056228,44,1,1,1,2,1,5
111111.1072,254,0,0,0,14,6,11,8,14,3
111111.1072,254,0,0,0,15,1,15,5,15,4
333333.3215,254,0,0,0,1,1,1,1,1,5
142857.1409,254,0,0,0,7,3,3,3,7,3
78.563648,254,9385.737305,0.04538,45,1,1,1,1,1,5
17.828995,254,2600.935791,0.079545,44,2,1,1,1,4,5
41.041564275397235,62,13748.756118456957,0.05900978818397748,143,3,1,1,2,1,1
250000.0006,254,0,0,0,15,3,3,3,15,3
81.26643728636319,254,9708.630747068633,0.04437851145595793,45,1,1,1,1,1,0
1.198957,254,128.929672,0.041807,44,4,2,2,2,4,2
21.357786,254,2551.543457,0.082568,45,5,1,5,2,5,4
111111.1072,254,0,0,0,1,1,1,1,2,5
28.53498908740785,254,5309.064762836262,0.06667149468460362,55,2,1,1,1,1,1
19.06024,254,2780.552734,0.085908,44,4,2,4,2,4,4
333333.3215,254,0,0,0,4,2,4,4,4,0
27.755584295810184,62,28128.502053537955,0.047867830030843286,293,1,1,1,1,1,1
111111.1072,254,0,0,0,27,25,27,26,27,3
26.781219092544802,254,7085.880572156625,0.06171443624406145,89,3,1,1,1,3,2
34.974516552222624,62,17053.967326963622,0.06850313220864221,147,1,1,1,1,1,1
95.683311,31,24932.33789,0,76,13,1,2,12,7,4
333333.3215,254,0,0,0,7,2,2,6,7,2
32.45600598468438,254,4016.239816876701,0.06638103898878714,45,1,1,1,8,1,0
24.898027,254,4338.751953,0.068339,56,5,1,1,2,3,2
90909.0902,254,0,0,0,10,3,7,7,10,3
1000000.003,254,0,0,0,5,4,4,4,5,3
200000.0051,254,0,0,0,4,1,4,2,4,4
200000.0051,254,0,0,0,5,2,5,2,5,0
32.064192722471475,254,3830.6021834441267,0.06607711524391068,45,4,1,3,2,5,4
23.968093,254,2863.388184,0.098212,45,5,1,5,2,5,4
52.10352105652202,254,7156.647284347979,0.030547852621346582,53,2,1,1,1,2,1
56.713928,254,12010.00879,0.045539,64,1,1,1,1,1,5
2870.911988820128,31,681363.1158585929,0,89,4,1,1,2,5,4
25.179962,254,3673.312012,0.048387,44,1,1,1,1,1,5
96.111636,31,35701.57813,0.000138,115,1,1,1,2,12,4
34.747766,254,5670.835449,0.057532,55,2,1,1,1,2,2
500000.0013,254,0,0,0,3,1,1,1,3,2
90909.0902,254,0,0,0,9,1,1,3,1,5
200000.0051,254,0,0,0,14,6,6,8,14,2
125000.0003,254,0,0,0,4,3,5,20,4,0
142857.1409,254,0,0,0,10,2,2,4,9,1
111111.1072,254,0,0,0,38,14,38,30,38,3
333333.3215,254,0,0,0,5,2,5,2,5,0
90909.0902,254,0,0,0,11,4,5,5,11,0
23.13501114470637,254,2342.6018349134392,0.013417559411740419,43,2,2,2,2,2,0
250000.0006,254,0,0,0,12,4,6,6,12,3
27.238556,254,3254.099365,0.060616,45,5,2,5,2,5,4
90909.0902,254,0,0,0,1,1,1,1,1,5
100000.0025,254,0,0,0,11,3,3,8,11,2
200000.0051,254,0,0,0,6,2,6,2,6,0
63.23634091757873,254,6722.474619341307,0.059187952457035835,45,1,1,1,1,1,1
333333.3215,254,0,0,0,7,3,7,12,7,2
19.682395,254,2871.314209,0.060748,44,1,1,1,1,1,5
111111.1072,254,0,0,0,6,3,6,11,6,0
1135.4507718578877,31,3428361.0070273336,0.0001216306415124144,764,4,1,1,1,2,4
1515.479536,31,405282.5313,0,78,5,1,4,4,12,4
90909.0902,254,0,0,0,11,4,4,11,11,0
200000.0051,254,0,0,0,3,2,3,5,3,1
0.763299,254,96.914307,0.066131,45,6,2,2,3,6,2
1.250537,254,65.628189,0.069241,45,5,1,1,1,4,2
34.907929370288905,62,129787.23340254123,0.07328250716046772,763,1,1,1,1,1,1
1164.472971,31,438406.4375,0.000159,91,13,1,5,9,10,4
1231.628295045833,31,3931471.189217772,0.00016869625066649315,848,6,1,1,3,5,4
29.174760860166728,254,0,0,0,1,1,1,1,1,1
28.680629708525693,254,3725.470222679389,0.06935428011338372,44,1,1,1,2,3,1
27.231109,254,3972.53833,0.044433,44,1,1,1,1,2,5
42.969990983222615,62,7060.265313104951,0.058648538783080004,100,2,1,1,2,1,0
90909.0902,254,0,0,0,10,3,3,4,10,3
43.09110030738064,254,6286.231217660712,0.053540871851140225,44,7,1,5,1,5,2
125000.0003,254,0,0,0,7,3,7,6,7,0
55.844819,62,62335.95703,0.041638,339,1,1,1,1,1,3
27.066577,254,3233.553711,0.065431,45,1,1,1,1,1,5
500000.0013,254,0,0,0,3,1,1,2,4,2
18.047457,254,2632.80542,0.059167,44,3,1,1,1,1,5
100000.0025,254,0,0,0,16,4,4,4,16,0
22.416905491618305,254,4013.5169691405904,0.06413121604568173,58,5,1,1,1,3,2
166666.6608,254,0,0,0,10,4,5,12,10,1
111111.1072,254,0,0,0,7,2,7,3,7,1
46.81835164855026,254,6814.4941038005445,0.054998881722467474,53,2,1,1,1,2,1
36.675219,254,0,0,0,3,2,2,2,2,5
125000.0003,254,0,0,0,5,3,5,3,5,0
333333.3215,254,0,0,0,6,2,6,2,6,0
17.195545,254,2842.996826,0.075819,44,2,1,1,4,2,5
125000.0003,254,0,0,0,7,3,7,12,7,0
89.2268151415355,254,49374.34853995322,0.02046061232687111,176,1,1,1,1,1,0
20.602189,254,3005.49585,0.056533,44,10,2,2,2,7,2
2536.3689460479936,31,580595.5382077383,0,86,3,1,1,1,2,4
132.126903,254,12136.10059,0.029949,44,10,1,10,3,9,2
500000.0013,254,0,0,0,12,2,2,3,12,0
50.26801298910216,62,16515.13139710111,0.04718669472022103,88,1,1,1,1,1,1
44.32500610771768,254,5295.360538463463,0.05080549641415045,45,8,1,1,1,8,2
76359.99470945532,254,0,0,0,8,3,5,5,8,3
125000.0003,254,0,0,0,8,6,8,23,8,1
23.186076,254,2769.963135,0.085271,45,6,3,3,3,4,2
29.372028,254,3508.978271,0.078454,45,3,1,2,3,3,4
17.791842,254,2125.531982,0.072499,45,10,1,5,2,5,4
35.89618602883837,90,89090.94262,0.061967953256901555,611,1,1,4,3,1,1
500000.0013,254,0,0,0,10,2,2,5,7,0
10.07784146127949,62,495.25393520283944,0.22752221315900323,43,2,1,2,1,2,4
333333.3215,254,0,0,0,18,18,18,18,18,3
166666.6608,254,0,0,0,19,18,19,19,19,3
14.567729,254,2125.174561,0.06435,44,2,1,1,1,1,5
111111.1072,254,0,0,0,7,3,7,3,7,0
3832.536507,31,1072526.25,0.000144,69,14,1,4,6,11,4
26.833958401928374,254,6865.401914109357,0.056254724409228546,86,4,1,1,2,4,2
333333.3215,254,0,0,0,15,3,3,3,15,1
7.969665,254,751.665222,0.046218,45,1,1,1,2,1,5
1681.785756,31,633166.875,0.000147,91,8,1,6,8,16,4
500000.0013,254,0,0,0,5,1,1,1,1,3
125000.0003,254,0,0,0,1,1,1,1,1,5
90909.0902,254,0,0,0,2,2,2,2,2,0
35.79898722195486,254,4610.8517033488,0.05906504428272597,47,7,1,4,2,5,4
1000000.003,254,0,0,0,2,2,2,9,2,0
16.662862400162986,62,10655.646283665707,0.07068283358038736,168,1,1,1,1,1,0
22.857327,254,3334.480713,0.046845,44,1,1,1,1,1,5
2.418173,254,0,0,0,6,6,6,6,6,2
200000.0051,254,0,0,0,30,25,30,26,30,3
125000.0003,254,0,0,0,13,3,7,7,13,3
21.029368841219686,254,0,0,0,1,1,1,1,1,0
23.91647004385994,254,2857.2209436107164,0.10509999021025154,45,9,1,5,2,4,4
125000.0003,254,0,0,0,4,2,4,13,4,1
6138.725038895578,31,13990300.38126396,0.00013825337503593817,585,7,1,1,2,8,4
42.066575252456595,77,9641.768639897411,0.04201354245265488,67,1,1,1,1,1,0
2650.176667,31,572438.1875,0,81,4,1,2,7,2,4
200000.0051,254,0,0,0,4,2,4,2,4,1
218.53870517254325,31,260035.33900903372,0.00020120653545858746,337,12,1,2,5,15,4
16.566845676648306,254,3594.2436800828937,0.07848108634700605,76,1,1,1,1,1,3
6878.96106,31,14520327,0.000155,522,6,1,1,2,9,4
111111.1072,254,0,0,0,6,2,6,2,6,1
21.519965567091155,254,2843.726758461632,0.052568553751088085,51,6,1,1,1,4,2
125000.0003,254,0,0,0,7,3,3,3,7,3
333333.3215,254,0,0,0,6,1,3,2,3,4
0,0,0,0,0,1,1,1,1,1,4
333333.3215,254,0,0,0,25,24,24,25,24,3
200000.0051,254,0,0,0,3,1,1,1,4,2
30.665956,31,76004.08594,0.000134,565,19,1,1,6,10,4
333333.3215,254,0,0,0,10,10,10,10,10,0
32.140265,254,7500.873047,0.055092,56,4,1,3,2,3,2
60.114396843650475,254,4866.257759034174,0.09794365999887986,44,4,1,1,2,1,1
25.374702642479686,113,10165.374705524937,0.0696050276025914,128,1,1,1,1,5,0
200000.0051,254,0,0,0,6,2,6,2,6,5
62.78391933999423,254,8075.115103073749,0.04371551879361995,50,9,1,2,2,9,2
111111.1072,254,0,0,0,30,22,30,22,30,3
100000.0025,254,0,0,0,13,2,2,7,11,0
55555.55359,254,0,0,0,1,1,1,2,1,5
333333.3215,254,0,0,0,24,24,24,24,24,3
7690.422294162576,31,3664856.27989716,0.00014851583595523185,118,7,1,1,12,6,4
51.99435928840694,254,6211.592689794601,0.048264900099596,45,1,1,1,1,1,1
100000.0025,254,0,0,0,8,1,1,2,6,2
125000.0003,254,0,0,0,3,1,1,1,1,5
142857.1409,254,0,0,0,14,1,2,2,14,3
90909.0902,254,0,0,0,7,3,3,3,7,3
83333.33039,254,0,0,0,2,1,1,1,4,2
115.91849,62,1086651.875,0.059577,1368,6,1,1,2,1,3
500000.0013,254,0,0,0,31,15,31,24,31,3
33.9907448118202,62,21158.744723419157,0.057772062487231185,181,1,1,1,4,1,1
333333.3215,254,0,0,0,8,3,9,9,8,1
25.801435,254,3082.411377,0.046613,45,5,1,5,2,7,4
17.46023328833834,254,2197.3357968614027,0.06311902468232425,44,4,1,1,1,4,2
40.271571,62,21035.97461,0.064753,159,1,1,1,6,1,1
32.8466262481183,254,4802.82797782251,0.06048970732299504,44,7,1,1,2,7,2
500000.0013,254,0,0,0,10,9,10,9,10,3
110.92658624713357,31,46583.34632980375,0.0001387178955417385,117,3,1,1,4,10,4
23.257803591569168,254,2687.0103781203425,0.08082075787586196,44,1,1,1,1,1,0
125000.0003,254,0,0,0,9,5,9,15,9,0
13.034637,62,9154.994141,0.09402,180,1,1,1,3,1,1
12.660842655801174,254,1759.2643768597711,0.11600351341019567,44,2,1,1,2,1,1
100000.0025,254,0,0,0,12,2,2,7,11,1
28.451885775277635,254,4742.555076897545,0.05696648915018026,52,3,1,3,2,3,2
14.084145,254,2054.628174,0.114483,44,5,1,5,1,6,2
1.1582915717005797,254,0,0,0,1,1,2,2,1,1
200000.0051,254,0,0,0,43,25,43,43,43,3
18.846624873746435,254,3149.4855857334387,0.08617364454997217,53,3,1,1,2,2,2
1.1206030824274782,254,71.51192699673625,0.08551526636464599,45,7,1,1,1,4,2
31.95266680625074,254,5956.512986336046,0.0719823625462119,56,1,1,1,2,1,0
125000.0003,254,0,0,0,9,5,9,15,9,0
142857.1409,254,0,0,0,7,1,6,3,7,4
120.45228587960804,62,12282.02715579692,0.04095782002211671,93,1,1,1,1,1,1
125000.0003,254,0,0,0,4,1,4,3,4,1
142857.1409,254,0,0,0,13,5,6,11,13,1
111111.1072,254,0,0,0,4,1,4,2,4,0
111111.1072,254,0,0,0,14,9,14,13,14,3
16.535934414596067,197,5377.0892210189995,0.01847545852583178,110,1,1,1,1,1,0
90909.0902,254,0,0,0,5,1,1,1,4,5
28.906956096986388,62,97434.95858930645,0.07964550570461343,754,1,1,1,1,2,1
111111.1072,254,0,0,0,7,2,7,11,7,0
49.05096348289626,62,296674.33421347605,0.038425264684827466,1061,1,1,1,1,1,1
90909.0902,254,0,0,0,14,4,4,5,13,2
125000.0003,254,0,0,0,4,1,4,4,4,0
125000.0003,254,0,0,0,3,1,3,1,3,1
125000.0003,254,0,0,0,13,3,8,6,13,3
111111.1072,254,0,0,0,3,1,3,1,3,5
41.85650276914325,254,6406.535056564879,0.061171742541925075,63,4,1,1,1,4,2
333333.3215,254,0,0,0,10,10,10,10,10,0
13.247334,254,1932.552368,0.054033,44,1,1,1,1,2,5
22.473985563522962,254,3385.9697160668265,0.08074391835747743,51,3,1,1,1,2,2
17.881513368949445,254,2136.244766038453,0.085541334955019,45,8,1,4,2,4,4
1.325207,254,385.111359,0.097397,82,2,1,1,1,2,2
52.47568797496272,254,7353.302080753497,0.036303941207299274,56,6,1,1,1,6,2
1.328414,254,0,0,0,1,1,1,2,1,0
1000000.003,254,0,0,0,13,3,3,3,13,3
122.08212717180007,31,41851.73781866796,0.00014631543473247734,92,2,1,2,3,5,4
40.36624724641473,171,26078.20923511909,0.07132385677904969,224,1,1,1,1,1,1
92.96677697556402,62,557082.0457509626,0.054656176801036536,1034,1,1,1,1,1,1
16.506393,254,2407.991455,0.089029,44,5,1,1,1,1,2
525028.9061633826,254,0,0,0,4,1,4,8,4,1
125000.0003,254,0,0,0,43,25,43,43,43,3
18.901826,254,2757.442871,0.122682,44,1,1,1,1,1,5
0.7840321460013431,254,0,0,0,4,2,2,2,2,0
500000.0013,254,0,0,0,1,1,1,1,1,5
47.06734346313248,222,35407.42694232461,0.04866656067958719,224,4,1,1,1,1,1
3328.4039588694454,31,1078764.5837759385,0.00014083559652600472,164,12,1,3,6,9,4
250000.0006,254,0,0,0,5,3,3,4,4,2
29.850996,254,5626.31543,0.037236,54,5,1,1,5,4,2
0.941424,254,0,0,0,1,1,2,3,1,0
125000.0003,254,0,0,0,8,4,8,13,8,1
4805.26069,31,16366212,0.000142,735,3,1,4,5,3,4
166666.6608,254,0,0,0,10,4,4,8,9,2
111111.1072,254,0,0,0,14,1,11,4,11,4
27.217259,62,7723.297363,0.088754,95,1,1,1,1,1,1
250000.0006,254,0,0,0,7,3,3,4,7,3
100000.0025,254,0,0,0,14,3,7,7,14,3
200000.0051,254,0,0,0,19,18,19,18,19,3
125000.0003,254,0,0,0,33,23,34,23,33,3
140.75329188854622,31,60628.68482240367,0.00013665752061956042,119,6,1,2,4,4,4
30.979761220360345,62,42901.80480456173,0.07086248336650855,345,1,1,1,1,2,1
125000.0003,254,0,0,0,10,4,4,4,10,0
100000.0025,254,0,0,0,12,2,4,4,12,0
83333.33039,254,0,0,0,22,5,5,7,17,2
111111.1072,254,0,0,0,11,1,6,3,6,4
90909.0902,254,0,0,0,18,4,7,7,18,3
18.551210533906875,31,53965.7717274968,0.00013509411809619666,617,2,1,1,3,1,4
500000.0013,254,0,0,0,4,1,4,1,4,0
111111.1072,254,0,0,0,35,18,35,18,35,3
111111.1072,254,0,0,0,4,1,4,1,4,4
250000.0006,254,0,0,0,5,2,5,4,5,5
125000.0003,254,0,0,0,8,2,9,4,8,1
142857.1409,254,0,0,0,10,3,7,7,10,3
200000.0051,254,0,0,0,5,2,5,2,5,0
20.524019,62,5670.102051,0.067167,74,2,1,2,2,2,1
1000000.003,254,0,0,0,3,1,3,4,3,1
18.050001015107622,254,2215.336514038153,0.09560784167963465,44,4,1,1,1,3,2
11.96334658050851,254,1745.2411481911572,0.12951382513378962,44,2,1,1,2,1,1
15.261019,254,4048.186279,0.062411,90,5,1,3,2,3,2
125000.0003,254,0,0,0,24,13,24,13,24,3
38.815179,62,31874.11133,0.049465,249,1,1,1,1,1,0
125000.0003,254,0,0,0,1,1,1,1,1,5
61740.77247493385,254,0,0,0,2,1,1,2,1,0
125000.0003,254,0,0,0,8,6,8,23,8,0
61.78873275220606,62,39422.44087534519,0.048455622910783244,208,1,1,1,1,2,1
438.619567,31,780438.75,0.000141,505,5,1,1,2,5,4
333333.3215,254,0,0,0,5,2,5,2,5,0
14.196728,254,2071.052246,0.084355,44,2,1,1,1,1,5
333333.3215,254,0,0,0,5,2,5,2,5,0
11.498031470283898,254,1677.3599284477243,0.08568479460965915,44,4,1,1,1,2,2
14.531869720949496,254,2068.850487041784,0.07751674264926559,44,3,1,1,4,1,4
111111.1072,254,0,0,0,34,19,34,34,34,3
100000.0025,254,0,0,0,4,1,1,1,5,2
19.677805059642445,254,3570.8222055754745,0.10877088781075916,59,2,1,2,1,2,4
44.747413,62,9999.150391,0.036447,78,1,1,1,1,1,1
90909.0902,254,0,0,0,11,1,2,4,11,2
100000.0025,254,0,0,0,37,24,37,24,37,3
500000.0013,254,0,0,0,3,2,2,3,2,3
29.563113505951794,254,3531.806680024881,0.06463120319967121,45,6,1,5,4,5,4
24.016553422490603,239,199014.7202561861,0.10130572732347845,1266,3,1,3,2,3,3
6361.500232515287,31,12611095.365903674,0.00011916351061989147,509,7,1,2,7,9,4
100000.0025,254,0,0,0,6,1,2,6,5,0
200000.0051,254,0,0,0,5,2,5,2,5,1
333333.3215,254,0,0,0,5,2,5,2,5,0
111111.1072,254,0,0,0,3,1,1,2,1,5
41.00153089242029,152,8641.263421381189,0.061447638697222036,111,1,1,1,1,1,0
166666.6608,254,0,0,0,16,12,16,16,16,3
18.013379,254,2627.833984,0.057057,44,2,2,2,2,3,5
66.04492653169962,62,61696.843683947984,0.05358167077429483,283,1,1,1,1,1,0
41.863541,254,5001.297852,0.060079,45,1,1,1,2,1,0
42.438817,254,5070.023926,0.043025,45,1,1,1,1,1,1
19.546697,254,0,0,0,1,1,1,1,1,0
25.18502724359316,62,16237.732897962293,0.053526868734948545,187,1,1,1,2,1,1
18.310619,254,2671.196289,0.060011,44,3,1,1,1,1,5
19.250168398780215,254,2713.019565742854,0.04787355974099585,44,2,1,1,1,3,2
17.905061,254,2139.057861,0.089799,45,1,1,1,1,1,5
43478.25991,254,0,0,0,1,1,1,1,1,5
111111.1072,254,0,0,0,6,1,1,3,1,5
111111.1072,254,0,0,0,30,12,30,12,30,3
125000.0003,254,0,0,0,3,2,3,11,3,0
250000.0006,254,0,0,0,10,3,7,7,10,3
100000.0025,129,0,0,0,11,1,1,5,7,1
125000.0003,254,0,0,0,20,1,20,9,20,2
125000.0003,254,0,0,0,5,3,5,3,5,0
333333.3215,254,0,0,0,15,2,4,4,15,3
55.11597235002626,254,6584.5215070384975,0.04260319883110446,45,10,1,7,2,10,2
11.547147625170895,254,0,0,0,1,1,1,5,1,0
142857.1409,254,0,0,0,5,2,4,3,5,0
90909.0902,254,0,0,0,14,5,5,5,13,2
125000.0003,254,0,0,0,5,2,5,8,5,0
111111.1072,254,0,0,0,16,16,16,16,16,3
111111.1072,254,0,0,0,3,1,3,1,3,4
125000.0003,254,0,0,0,7,3,6,6,7,0
16.25150341643741,62,10611.09180585563,0.08635535511260287,171,1,1,1,1,1,0
333333.3215,254,0,0,0,5,1,5,9,5,0
26.329184,254,3145.459961,0.050066,45,2,1,1,1,1,5
111111.1072,254,0,0,0,43,18,43,43,43,3
147.192335,254,7433.774902,0.048972,44,2,1,1,1,1,1
500000.0013,254,0,0,0,2,2,2,2,2,0
111111.1072,254,0,0,0,7,2,7,11,7,0
142857.1409,254,0,0,0,7,3,3,3,7,3
125000.0003,254,0,0,0,17,3,3,3,17,3
142857.1409,254,0,0,0,7,3,3,4,7,3
142857.1409,254,0,0,0,9,4,9,13,9,1
19.502110236908383,254,5324.036816852945,0.11488903500172862,86,4,1,1,2,3,2
47.601422796194726,62,7380.849940925771,0.03675117346368442,76,1,1,2,1,1,1
19.34691137893087,254,2864.831608136169,0.13969447494030485,45,3,1,3,4,3,2
66.96052326475902,62,17643.370997816026,0.047384471554864645,93,1,1,1,1,1,1
125000.0003,254,0,0,0,34,14,34,27,34,3
90909.0902,254,0,0,0,15,3,7,7,15,3
1000000.003,254,0,0,0,33,12,33,26,33,3
2790.69758,31,602790.6875,0,81,1,1,1,4,2,4
90909.0902,254,0,0,0,6,4,4,5,6,2
142857.1409,254,0,0,0,26,8,27,8,26,3
37.30059144685082,254,10797.628360342558,0.05328385761193288,84,10,1,2,2,8,2
250000.0006,254,0,0,0,41,6,41,14,41,3
4.417076202238986,254,0,0,0,2,2,2,2,2,2
17.436377979151782,62,6904.696202078136,0.06178520175688739,106,1,1,1,2,1,1
111111.1072,254,0,0,0,7,2,7,11,7,0
111111.1072,254,0,0,0,7,3,7,9,7,3
100000.0025,254,0,0,0,3,3,3,3,3,3
74.11008513762411,62,126614.1890252849,0.047047843575541266,459,1,1,1,1,1,0
125000.0003,254,0,0,0,39,17,39,25,39,3
125000.0003,254,0,0,0,9,5,9,14,9,0
38.274082,62,12135.68457,0.062506,86,1,1,1,1,1,1
28.394391101072966,62,3341.6167399675546,0.049500164251339664,49,1,1,1,1,1,1
100000.0025,254,0,0,0,15,4,5,8,15,2
17.900691,254,2611.394775,0.094873,44,6,1,1,2,3,2
21.515917659091112,62,6129.753448170169,0.07756461313929933,79,2,1,2,2,1,1
20.67302326605992,254,4131.791887439186,0.11135498290933045,55,3,1,3,1,3,4
111111.1072,254,0,0,0,14,4,4,11,13,0
47.04676612286525,187,22959.807945627454,0.05025904324089368,162,1,1,1,1,1,1
21.929857,254,2619.886963,0.048695,45,2,1,1,1,1,5
100000.0025,254,0,0,0,3,2,2,2,3,3
250000.0006,254,0,0,0,21,5,6,6,16,2
67.85087987804488,62,11709.1423575042,0.04931939723351034,71,1,1,1,1,1,1
22.684947084108654,254,4483.171504457222,0.06535541949940014,64,3,1,1,1,3,2
125000.0003,254,0,0,0,1,1,1,1,1,5
125000.0003,254,0,0,0,9,3,10,4,9,0
12.867734,254,1877.175293,0.061965,44,1,1,1,1,1,5
125000.0003,254,0,0,0,36,18,36,18,36,3
33.8094768848435,254,4039.105386149995,0.07055020600462551,45,9,1,1,1,5,2
111111.1072,254,0,0,0,4,1,4,1,4,0
111111.1072,254,0,0,0,7,2,7,11,7,0
10.681911061085657,62,4768.3601905070855,0.08574025136482934,126,1,1,1,2,1,1
111111.1072,254,0,0,0,35,17,35,17,35,3
90909.0902,254,0,0,0,22,4,4,7,17,1
18.289629253878452,62,17843.681857119274,0.055119135993767464,296,1,1,1,1,1,1
34.90533099529573,254,9945.761282966629,0.03865200476106793,87,9,1,1,2,7,2
92.57235142082544,98,12640.085074797886,0.047428658475094296,78,1,1,1,1,1,0
17.347594,254,2530.707764,0.082289,44,2,1,1,2,1,5
250000.0006,254,0,0,0,45,21,44,39,44,3
126.18546715163279,62,9888.962327025309,0.01920718653428325,58,3,1,1,4,2,1
25.12472246606673,254,7330.560245176345,0.05523568089437447,91,4,1,1,1,4,2
2709.5519516945833,31,605188.5196346507,0,83,2,1,2,5,2,4
23.49115459867569,254,3205.3810272990604,0.0732951004124815,44,1,1,1,1,1,1
22.061124,254,4803.569824,0.082176,57,3,1,1,2,3,2
333333.3215,254,0,0,0,5,2,5,12,5,5
250000.0006,254,0,0,0,11,4,4,8,11,0
100000.0025,254,0,0,0,11,2,2,2,11,0
111111.1072,254,0,0,0,35,17,35,17,35,3
90909.0902,254,0,0,0,1,1,1,1,1,5
125000.0003,254,0,0,0,22,18,24,18,22,3
37.111206,254,7386.614258,0.02174,57,6,2,6,3,6,4
76923.07779,254,0,0,0,34,1,16,16,34,2
125000.0003,254,0,0,0,40,16,40,27,40,3
13.566756,254,1979.150391,0.040245,44,1,1,1,1,1,5
333333.3215,254,0,0,0,4,2,4,2,4,1
18.21396,254,2657.095215,0.024817,44,1,1,1,1,1,5
333333.3215,254,0,0,0,5,2,5,2,5,0
100000.0025,254,0,0,0,12,3,6,6,12,3
29.26947600544234,254,3496.7267948638773,0.09466918191128228,45,5,1,1,1,4,2
166666.6608,254,0,0,0,28,18,28,20,28,3
1000000.003,254,0,0,0,16,4,4,6,12,0
18.223665,254,2658.510986,0.049594,44,1,1,1,18,1,5
187.481548,62,14343.7207,0.05281,57,1,1,1,1,1,1
200000.0051,254,0,0,0,5,2,5,2,5,1
142857.1409,254,0,0,0,11,4,7,7,11,3
67.04613440488949,62,7289.857152321567,0.06442733729911251,68,1,1,1,1,1,1
1000000.003,254,0,0,0,2,1,1,1,1,5
23.744923483943516,254,3398.419624008416,0.0598378606108896,49,2,1,2,8,2,4
100000.0025,254,0,0,0,1,1,4,1,1,0
100000.0025,254,0,0,0,11,2,3,3,11,0
250000.0006,254,0,0,0,2,1,1,2,1,5
23.66968031368223,254,2827.7378802153744,0.09488930627333997,45,7,1,1,2,4,2
24.942073164159243,254,3993.7841206266894,0.07491766633463197,48,5,1,1,1,4,2
333333.3215,254,0,0,0,1,1,1,1,1,5
333333.3215,254,0,0,0,4,1,4,1,4,5
200000.0051,254,0,0,0,21,4,4,5,18,2
24.844647,254,3624.395508,0.047955,44,1,1,1,1,1,5
142857.1409,254,0,0,0,10,4,7,7,10,3
1.2384982443830854,254,0,0,0,1,1,1,1,1,0
70.099354,254,8374.536133,0.047909,45,2,1,1,1,1,5
500000.0013,254,0,0,0,8,2,2,3,6,3
33.837551088157696,62,5299.6393250636,0.05538050533009232,76,1,1,1,1,1,1
71428.57045,254,0,0,0,1,1,1,1,1,5
333333.3215,254,0,0,0,15,2,11,2,15,3
26.670493215265196,254,3267.477022460649,0.09262173700991658,44,5,1,1,1,7,2
96.27167749146781,31,25175.36051894625,6.388813381471274e-06,75,12,1,2,11,6,4
14.19384205373013,254,1774.076488550126,0.06950165235828026,44,6,1,1,3,2,1
36.959924,254,4415.479004,0.052336,45,1,1,1,1,1,5
125000.0003,254,0,0,0,36,18,36,18,36,3
125000.0003,254,0,0,0,3,1,3,9,3,0
51.81192908085637,62,134450.29801273666,0.046907386400177636,587,1,1,1,1,1,1
22.026591244032257,108,7326.350107845272,0.042262268218557685,122,2,1,2,1,2,4
30.668412,31,76010.17188,0.000134,565,4,1,1,2,1,4
100000.0025,254,0,0,0,15,2,2,5,14,0
9.728525,254,622.62561,0,44,1,1,1,1,1,5
75.3289,62,387474.125,0.046563,994,1,1,1,1,1,1
22.013230340431903,224,10534.632100710545,0.07523655932917972,147,1,1,1,2,2,0
39.14403442128673,254,4734.271948517542,0.0555559117673123,44,5,1,1,1,5,2
250000.0006,254,0,0,0,45,14,42,38,42,3
13.183955840655301,62,647.8972738164535,0.24120701006774964,43,5,1,6,2,5,4
142857.1409,254,0,0,0,12,3,3,4,12,3
125000.0003,254,0,0,0,16,2,14,7,16,2
22.478748,254,2974.111328,0,43,1,1,1,1,1,5
3066.1346014218466,31,708690.109578129,0,86,2,1,1,4,3,4
21.607936,254,3152.216553,0.090395,44,1,1,1,1,1,1
29.82767772620649,254,3254.3552076915753,0.07251388935416819,44,1,1,1,9,1,0
27.604231933260692,62,1356.5508089872767,0.07632551021250938,43,7,1,6,3,6,4
111111.1072,254,0,0,0,2,1,1,1,5,5
42.73218457595667,62,75342.2731918262,0.04035381146069561,431,35,1,1,2,1,1
16.90241477626982,174,3408.833100927862,0.05321585443789676,74,2,1,2,2,2,4
9.833631020262606,62,483.2527296525087,0.21253044602466034,43,4,1,4,2,3,4
333333.3215,254,0,0,0,4,1,4,2,4,0
14.707082415715858,254,2068.945593586843,0.07617090134853183,44,3,1,1,5,1,4
19.749939307074158,179,2449.23880318717,0.060394426122096646,81,1,1,1,1,1,1
166666.6608,254,0,0,0,9,5,9,15,9,5
19.153346,254,2288.186279,0.06128,45,3,1,3,1,3,4
25.590642484826244,254,3057.2288137752967,0.0822947495647346,45,3,1,1,1,6,2
24.833682404902284,95,5430.257940279603,0.03599939109932261,64,1,1,1,1,1,0
15.348806,254,2239.119873,0.057348,44,7,1,3,1,4,4
61.99703418390065,254,7406.57889913164,0.036475014970018226,45,1,1,1,1,1,1
0.16104883595165334,254,0,0,0,2,1,1,1,5,1
125000.0003,254,0,0,0,25,11,25,11,25,3
69.376351,254,8288.161133,0.049973,45,1,1,1,1,1,5
13.810558999343902,254,1973.6229103643784,0.09898120492986018,50,2,1,1,1,1,4
25.561807,254,3053.783936,0.044771,45,3,1,1,1,3,2
39.585974467879744,181,17416.21806602954,0.055048032482750316,127,1,1,1,1,1,0
23.56661315984674,254,4277.884877744982,0.09772142551625437,52,3,1,4,1,4,4
2961.500406,31,702862.75,0,89,1,1,1,2,4,4
142857.1409,254,0,0,0,10,3,7,7,10,3
18.842446711483632,254,2540.3214352834434,0.07275589293065723,44,3,1,2,1,3,2
200000.0051,254,0,0,0,7,3,3,3,7,3
125000.0003,254,0,0,0,24,18,24,18,24,3
142857.1409,254,0,0,0,8,3,3,3,8,3
90909.0902,254,0,0,0,22,6,6,7,17,1
90909.0902,254,0,0,0,11,1,3,4,11,2
8.935254,254,1303.495972,0.125374,44,5,1,1,1,5,2
100000.0025,254,0,0,0,17,1,2,2,16,2
109.311553,62,968745.125,0.038877,1296,1,1,1,3,2,1
1.198888,254,330.770264,0.080514,90,4,2,2,2,5,2
131.39224232429987,31,60516.66259055041,0.00013804679407305336,155,6,1,2,4,4,4
29.502632072620948,254,3524.581105299704,0.09522144420632804,45,4,1,1,3,3,2
333333.3215,254,0,0,0,1,1,1,1,1,5
111111.1072,254,0,0,0,41,7,41,9,41,3
142857.1409,254,0,0,0,5,1,1,2,5,2
500000.0013,254,0,0,0,6,1,7,1,6,0
39.419009,62,29847.14648,0.051423,230,2,1,1,2,1,1
200000.0051,254,0,0,0,9,3,5,9,8,0
200000.0051,254,0,0,0,30,25,30,26,30,3
142857.1409,254,0,0,0,2,1,1,2,1,5
17.4725729083525,254,2724.9190725182348,0.07248918818060313,47,3,1,1,1,2,2
32.16217677976784,254,3842.308056562649,0.06427850718120581,45,5,1,4,2,5,4
100000.0025,254,0,0,0,2,1,1,1,1,5
333333.3215,254,0,0,0,4,3,4,3,4,0
35.19715562685094,62,11712.02909637021,0.04438912961910082,85,3,1,3,2,3,1
125000.0003,254,0,0,0,15,6,7,9,12,2
142857.1409,254,0,0,0,12,3,3,4,12,3
17.957303,254,2619.653564,0.036483,44,6,1,2,2,2,2
90909.0902,254,0,0,0,9,3,3,4,9,1
90909.0902,254,0,0,0,8,3,3,3,8,3
90909.0902,254,0,0,0,6,1,1,2,4,5
500000.0013,254,0,0,0,3,1,1,1,3,2
63.877607010313355,185,55842.22547455351,0.03482264508720902,294,2,1,1,1,1,0
53.78677,254,6425.726074,0.060807,45,4,1,2,2,4,2
83333.33039,254,0,0,0,17,1,6,6,16,2
25.250885365677934,62,49930.13814634775,0.12471124505880923,509,1,1,1,1,1,1
71.059402,254,8489.229492,0.044878,45,1,1,1,1,1,5
166666.6608,254,0,0,0,10,10,10,10,10,1
23.168528729278965,254,3099.7476662999693,0.0829958482931153,47,3,1,2,1,2,2
125000.0003,254,0,0,0,44,14,44,33,44,3
142857.1409,254,0,0,0,13,3,7,7,13,3
333333.3215,254,0,0,0,3,2,4,19,3,0
200000.0051,254,0,0,0,43,25,43,43,43,3
16.373248,254,2388.567871,0.149806,44,3,2,2,2,2,2
63.66606667928578,254,9506.030910523505,0.01303298101131877,44,1,1,1,1,1,1
111111.1072,254,0,0,0,29,1,10,10,29,2
15.863937,254,2314.268311,0.118469,44,1,1,1,1,1,5
125000.0003,254,0,0,0,4,1,4,1,4,0
125000.0003,254,0,0,0,3,1,3,2,3,0
14.546985,254,2122.148438,0.077736,44,2,1,1,1,1,5
23.154601000363996,254,2686.301408640094,0.08096108774732932,44,1,1,1,1,1,0
71.93813150228846,254,5874.2297581643925,0.05532473081710508,43,10,1,2,3,5,2
125000.0003,254,0,0,0,9,5,9,15,9,0
10.156373063211545,62,499.11316782531947,0.33804313844162853,43,2,1,2,1,2,4
111111.1072,254,0,0,0,36,15,36,36,36,3
125000.0003,254,0,0,0,7,2,7,11,7,5
61593.01474812861,254,0,0,0,5,2,2,6,5,0
500000.0013,34,0,0,0,1,1,1,1,2,4
15.87358,254,2315.675049,0.096082,44,4,1,1,1,3,5
30.1865108531707,254,3815.4905378431117,0.07333418408546791,44,5,1,3,3,3,4
28.159305,254,5640.87207,0.057006,57,2,1,2,1,2,4
18.50658849980332,254,2699.784668255284,0.04794177707051423,44,3,1,3,1,4,2
83333.33039,254,0,0,0,14,3,5,5,14,3
29.120688,62,7749.399414,0.07985,84,2,1,1,2,2,1
67379.27449051625,254,0,0,0,2,1,1,3,2,0
18.164390175004602,254,2170.039207724621,0.12140982067707724,45,2,1,2,1,3,4
16.954071,254,2473.299805,0.058563,44,1,1,1,1,1,5
111111.1072,254,0,0,0,8,4,8,13,8,0
111111.1072,254,0,0,0,43,18,43,43,43,3
100000.0025,254,0,0,0,27,17,27,17,27,3
125000.0003,254,0,0,0,7,4,4,4,7,3
28571.42781,254,0,0,0,7,4,5,5,7,3
125000.0003,254,0,0,0,3,1,1,1,1,5
31.19668811554554,254,4288.801358261063,0.0578923813764031,44,6,1,1,2,6,2
90909.0902,254,0,0,0,31,1,31,9,31,4
125000.0003,254,0,0,0,26,17,26,18,26,3
32.466467100353505,254,5021.60380096512,0.0816620163777584,59,4,1,2,2,4,4
6.5059077166559005,62,319.7189075058513,0.17944406773223837,43,2,1,2,1,2,4
37.894035844726304,254,4529.5190364016735,0.04851301510907434,44,3,1,2,5,3,0
1.2138148410120566,254,189.78052889566115,0.12379549680984955,46,2,1,1,1,4,2
100000.0025,254,0,0,0,9,2,2,2,8,2
90909.0902,254,0,0,0,11,1,3,4,11,2
500000.0013,254,0,0,0,26,15,26,27,26,3
25.425427,254,3709.121094,0.054587,44,1,1,1,1,1,5
90909.0902,254,0,0,0,9,3,3,4,9,3
100000.0025,254,0,0,0,14,3,3,3,14,3
44.60451374415297,254,6572.309648877896,0.05190590264563062,50,6,1,5,2,6,2
21.08939106468027,254,0,0,0,1,1,1,1,1,0
90909.0902,254,0,0,0,1,1,1,1,1,5
125000.0003,254,0,0,0,6,2,6,2,6,0
19.363246,254,2824.755859,0.055913,44,6,1,1,3,2,5
90909.0902,254,0,0,0,2,1,1,1,1,5
500000.0013,254,0,0,0,9,1,1,2,4,2
250000.0006,254,0,0,0,13,3,3,6,12,1
200000.0051,254,0,0,0,7,4,4,7,7,3
333333.3215,254,0,0,0,10,4,4,7,9,2
111111.1072,254,0,0,0,6,3,6,11,6,5
8.767365,254,1279.003906,0.090538,44,2,1,1,1,4,5
28.833689,31,76391.38281,0.000156,565,2,1,1,1,1,4
125000.0003,254,0,0,0,26,25,26,25,26,3
37.281866147451105,254,4923.729613247475,0.04667589232559434,44,1,1,1,1,1,1
28.37335771879412,254,3393.5448443549526,0.08711889396578314,44,3,1,1,1,6,2
111111.1072,254,0,0,0,42,19,42,19,42,3
333333.3215,254,0,0,0,5,1,5,9,5,0
250000.0006,254,0,0,0,22,22,22,22,22,3
250000.0006,254,0,0,0,11,2,2,2,11,2
14.051066982469909,62,6289.838484051211,0.051996217028542235,118,1,1,1,1,2,4
20.49327985978011,254,2828.8827793044984,0.07388568617610852,44,6,1,1,2,5,2
111111.1072,254,0,0,0,9,1,8,2,8,4
9.996986395117199,62,491.2804986610494,0.1810541674012583,43,2,1,2,1,2,4
34.12713246887875,254,4575.622663036231,0.060634369890694,51,5,1,1,1,5,2
38.369283550923484,38,14716.654257844317,0.012573962298928043,125,2,1,1,1,4,4
250000.0006,254,0,0,0,14,3,7,7,14,3
250000.0006,254,0,0,0,4,2,4,3,4,0
19.4413077597245,254,5189.2916666730125,0.06024072838010148,78,1,1,1,2,1,0
90909.0902,254,0,0,0,8,2,2,6,8,0
25.21678,254,3012.564697,0.080952,45,1,1,1,1,1,5
250000.0006,254,0,0,0,8,1,1,1,8,3
142857.1409,254,0,0,0,19,18,19,19,19,3
26.189383,254,3820.568848,0.045003,44,1,1,1,1,1,5
58.59527464559515,254,16099.369363638769,0.05085132539393488,93,8,1,2,2,7,2
111111.1072,254,0,0,0,2,1,1,1,1,5
125000.0003,254,0,0,0,5,2,5,11,5,0
200000.0051,254,0,0,0,7,4,7,8,7,3
59.37541085783346,254,6542.97921195275,0.05548996272632214,53,4,1,1,1,4,2
27.530919408049673,254,3525.87318955848,0.0730878580681743,44,4,1,3,2,4,2
17.158553769315088,254,2198.0371545115904,0.05186817499313813,44,4,1,1,1,3,2
34.72699072513628,254,9928.068562720222,0.08546723566291808,96,7,1,1,2,5,2
24.427884,254,3563.597168,0.084001,44,2,1,1,3,1,5
27.639471,62,1358.282593,0.079213,43,4,1,4,2,4,4
2904.162775,31,627299.1875,0,81,8,1,1,2,9,4
500000.0013,254,0,0,0,10,1,10,34,10,4
1454.39432,31,388946.5938,0,78,7,1,3,4,15,4
17.203708720019602,254,2968.4070156681237,0.08262156409593921,54,2,1,1,2,1,2
1000000.003,254,0,0,0,29,25,29,26,29,3
100000.0025,254,0,0,0,3,2,2,2,3,3
90909.0902,254,0,0,0,32,1,32,7,32,4
17.6065368981022,46,5773.380552983893,0.07529241186336473,96,2,1,1,1,4,4
61.681294,254,5665.541016,0.053656,44,1,1,1,1,1,1
34.079264103679186,199,10316.396788654663,0.055077497073090814,98,2,1,2,1,2,4
100000.0025,254,0,0,0,15,2,2,6,13,0
27.61402329762958,254,4633.842325531527,0.029546222588025306,49,6,1,2,2,6,2
142857.1409,254,0,0,0,7,3,3,3,7,3
111111.1072,254,0,0,0,7,1,7,1,7,0
20.921394,62,35576.41406,0.038728,409,2,1,1,1,1,1
111111.1072,254,0,0,0,7,2,7,11,7,5
59.47784994313676,254,5370.259954312581,0.06802345351621648,52,2,1,1,1,1,1
0,0,0,0,0,9,6,6,6,8,0
6.580487,62,323.383942,0.242357,43,1,1,1,1,1,4
3.301337,62,162.237137,0.450631,43,1,1,1,3,1,4
250000.0006,254,0,0,0,13,2,2,6,11,1
24.934952090021646,62,6415.431864327499,0.061119883919557534,91,1,1,1,2,1,1
125000.0003,254,0,0,0,5,2,5,10,5,0
125000.0003,254,0,0,0,4,3,4,18,4,1
17.779700872183273,254,2864.13983965509,0.11181177016722435,52,3,1,3,1,3,4
333333.3215,254,0,0,0,34,16,34,16,34,3
17.645856,254,2574.218994,0.081507,44,1,1,1,1,1,5
1000000.003,254,0,0,0,9,2,2,2,7,2
134.103171,62,1013843.563,0.055869,1211,1,1,1,1,1,1
333333.3215,254,0,0,0,41,13,41,13,41,3
100000.0025,254,0,0,0,2,1,1,1,2,5
3027.245271,31,653885,0,81,2,1,1,2,3,4
200000.0051,254,0,0,0,2,1,1,1,1,5
111111.1072,254,0,0,0,5,2,6,2,5,0
333333.3215,254,0,0,0,11,1,11,4,11,4
111111.1072,254,0,0,0,6,2,6,10,6,0
125000.0003,254,0,0,0,50,16,50,24,50,3
111111.1072,254,0,0,0,5,1,5,1,5,0
200000.0051,254,0,0,0,22,5,5,7,17,2
21.23764,254,5857.117676,0.078986,94,8,3,3,4,6,2
1000000.003,254,0,0,0,1,1,1,4,1,5
125000.0003,254,0,0,0,35,17,35,17,35,3
3076.2087491943,31,689486.247838612,0,84,3,1,1,1,2,4
333333.3215,254,0,0,0,40,13,40,13,40,3
15.604991,254,2276.49292,0.109475,44,2,1,1,2,2,5
83333.33039,254,0,0,0,24,4,7,8,21,2
90909.0902,254,0,0,0,7,3,3,3,7,3
90909.0902,254,0,0,0,13,4,4,4,13,3
14.180328,254,2068.659668,0.080217,44,4,1,2,3,2,4
90909.0902,254,0,0,0,11,3,4,7,11,0
200000.0051,254,0,0,0,2,1,1,1,1,5
42.224066,254,6159.746094,0.057577,44,5,1,5,2,5,2
24.92603005883352,62,13256.042155341707,0.06498069080910628,140,1,1,11,1,1,1
13.99306,62,8194.335938,0.127289,157,1,1,1,1,1,1
111111.1072,254,0,0,0,38,19,38,38,38,3
43.656353,254,7607.59375,0.036903,56,6,1,2,2,5,2
90909.0902,254,0,0,0,12,6,6,6,12,2
118.87776479387419,254,7576.586700475689,0.051133780954829615,44,1,1,1,1,1,1
81.370498,254,9721.0625,0.044656,45,1,1,1,1,1,5
90909.0902,254,0,0,0,13,2,3,3,13,3
35.8550089672046,142,13679.998038282287,0.0662100906831628,126,1,1,1,1,1,0
125000.0003,254,0,0,0,9,3,9,11,9,1
80.87571412114936,62,14722.319090014042,0.03412197891247959,75,2,1,1,1,1,1
29.69353343763212,62,8242.501150177273,0.07071918759737172,84,1,1,1,2,1,1
111111.1072,254,0,0,0,4,1,4,2,4,0
49.04634889699261,62,67723.83873345479,0.05331776320288902,356,1,1,2,2,1,1
41.6285023422344,62,172004.9116164785,0.04893785800185811,902,1,1,1,1,1,0
0,0,0,0,0,9,6,6,6,8,0
200000.0051,254,0,0,0,5,2,5,11,5,0
21.627012,254,3154.999512,0.063774,44,7,1,1,3,1,5
111111.1072,254,0,0,0,1,1,1,1,1,5
25.57279031166215,62,68073.90626,0.041752187859464496,634,2,1,1,2,1,1
125000.0003,254,0,0,0,33,18,33,18,33,3
19.8630568655336,254,5125.073171925136,0.08948223394467875,74,3,1,1,1,3,2
113.85796775066152,62,764354.8415308496,0.02899223214495067,1103,14,1,1,1,2,1
46.885782642152805,254,7064.698325630412,0.041360662694596984,44,1,1,1,1,1,1
125000.0003,254,0,0,0,5,2,5,11,5,0
16.024334731284345,254,4048.967766446009,0.061717235734215115,87,5,1,2,2,3,2
333333.3215,254,0,0,0,4,2,4,2,4,0
3072.921724831353,31,6427602.422623035,0.0001336824176033462,578,2,1,1,3,7,4
4424.462088321629,31,16334487.27761568,0.00013535190226648757,890,3,1,1,2,5,4
166666.6608,254,0,0,0,18,18,21,19,18,3
16.78523156447535,254,2066.4676486493277,0.06373711373923756,44,2,1,1,13,1,4
20.581313,254,3002.450439,0.034444,44,1,1,1,1,1,5
